Intrahepatic Cholangiocarcinoma by AJCC v8 Stage;Intrahepatic Cholangiocarcinoma by AJCC v8 Stage
Stage IVB Carcinoma of Liver Cells;Stage IVB Hepatocellular Carcinoma AJCC v7
Stage IVB Carcinoma of the Liver Cells;Stage IVB Hepatocellular Carcinoma AJCC v7
Stage IVB Hepatocellular Cancer;Stage IVB Hepatocellular Carcinoma AJCC v7
Stage IVB Hepatocellular Carcinoma;Stage IVB Hepatocellular Carcinoma AJCC v7
Stage IVB Hepatocellular Carcinoma AJCC v7;Stage IVB Hepatocellular Carcinoma AJCC v7
Stage IVB Liver Cell Carcinoma;Stage IVB Hepatocellular Carcinoma AJCC v7
Aflatoxins-Related Hepatocellular Cancer;Aflatoxins-Related Hepatocellular Carcinoma
Aflatoxins-Related Hepatocellular Carcinoma;Aflatoxins-Related Hepatocellular Carcinoma
Non-Neoplastic Hepatic Disease;Non-Neoplastic Liver and Intrahepatic Bile Duct Disorder
Non-Neoplastic Hepatic Disorder;Non-Neoplastic Liver and Intrahepatic Bile Duct Disorder
Non-Neoplastic Liver and Intrahepatic Bile Duct Disorder;Non-Neoplastic Liver and Intrahepatic Bile Duct Disorder
Alcohol-Related Hepatocellular Cancer;Alcohol-Related Hepatocellular Carcinoma
Alcohol-Related Hepatocellular Carcinoma;Alcohol-Related Hepatocellular Carcinoma
MIR16-1 wt Allele;MIR16-1 wt Allele
MIRN16-1;MIR16-1 wt Allele
MicroRNA 16-1 wt Allele;MIR16-1 wt Allele
hsa-mir-16-1;MIR16-1 wt Allele
Stage IVA Hepatocellular Cancer;Stage IVA Hepatocellular Carcinoma AJCC v7
Stage IVA Hepatocellular Carcinoma;Stage IVA Hepatocellular Carcinoma AJCC v7
Stage IVA Hepatocellular Carcinoma AJCC v7;Stage IVA Hepatocellular Carcinoma AJCC v7
Stage IVA Liver Cell Carcinoma;Stage IVA Hepatocellular Carcinoma AJCC v7
MIR9-1 wt Allele;MIR9-1 wt Allele
MIRN9-1;MIR9-1 wt Allele
MicroRNA 9-1 wt Allele;MIR9-1 wt Allele
hsa-mir-9-1;MIR9-1 wt Allele
Small Cell Undifferentiated Hepatoblastoma;Small Cell Undifferentiated Hepatoblastoma
Stage I Childhood Hepatocellular Carcinoma AJCC v6;Stage I Childhood Hepatocellular Carcinoma AJCC v6 and v7
Stage I Childhood Hepatocellular Carcinoma AJCC v6 and v7;Stage I Childhood Hepatocellular Carcinoma AJCC v6 and v7
Stage I Childhood Hepatocellular Carcinoma AJCC v7;Stage I Childhood Hepatocellular Carcinoma AJCC v6 and v7
Stage I Childhood Hepatoma;Stage I Childhood Hepatocellular Carcinoma AJCC v6 and v7
Stage I Childhood Liver Cell Carcinoma;Stage I Childhood Hepatocellular Carcinoma AJCC v6 and v7
Stage I Hepatocellular Cancer;Stage I Hepatocellular Carcinoma AJCC v6 and v7
Stage I Pediatric Hepatocellular Carcinoma;Stage I Childhood Hepatocellular Carcinoma AJCC v6 and v7
Stage I Pediatric Hepatoma;Stage I Childhood Hepatocellular Carcinoma AJCC v6 and v7
Stage I Pediatric Liver Cell Carcinoma;Stage I Childhood Hepatocellular Carcinoma AJCC v6 and v7
stage I childhood liver cancer;Stage I Childhood Hepatocellular Carcinoma AJCC v6 and v7
Cisplatin-Vincristine-Fluorouracil Liver Cancer Regimen;POG-8697 Liver Cancer Regimen
POG-8697 Liver Cancer Regimen;POG-8697 Liver Cancer Regimen
Cystic Fibrosis Liver Disease;Liver Disease Associated with Cystic Fibrosis
Liver Disease Associated with Cystic Fibrosis;Liver Disease Associated with Cystic Fibrosis
Chronic Viral Hepatitis;Chronic Viral Hepatitis
MIR19A Pre-miRNA;MIR19A Pre-miRNA
MIR127 Pre-miRNA;MIR127 Pre-miRNA
Acute Hepatic Failure;Acute Liver Failure
Acute Liver Failure;Acute Liver Failure
Sarcomatoid Hepatocellular Cancer;Sarcomatoid Hepatocellular Carcinoma
Sarcomatoid Hepatocellular Carcinoma;Sarcomatoid Hepatocellular Carcinoma
Sarcomatous Hepatocellular Carcinoma;Sarcomatoid Hepatocellular Carcinoma
Adult Hepatocellular Carcinoma;Adult Hepatocellular Carcinoma
Adult Hepatoma;Adult Hepatocellular Carcinoma
Adult Primary Carcinoma of Liver Cell;Adult Hepatocellular Carcinoma
Adult Primary Carcinoma of the Liver Cell;Adult Hepatocellular Carcinoma
Adult Primary Hepatocellular Carcinoma;Adult Hepatocellular Carcinoma
Adult Primary Hepatoma;Adult Hepatocellular Carcinoma
Adult Primary Liver Cell Carcinoma;Adult Hepatocellular Carcinoma
Hepatocellular Cancer;Hepatocellular Carcinoma
Hepatoblastoma with Pure Fetal Epithelial Differentiation;Hepatoblastoma with Pure Fetal Epithelial Differentiation
ABC14;ABCB6 wt Allele
ABCB6;ABCB6 Gene
ABCB6 wt Allele;ABCB6 wt Allele
ATP-Binding Cassette, Sub-Family B (MDR/TAP), Member 6 (Langereis Blood Group) wt Allele;ABCB6 wt Allele
ATP-Binding Cassette, Sub-Family B (MDR/TAP), Member 6 Gene;ABCB6 wt Allele
ATP-Binding Cassette, Subfamily B, Member 6 Gene;ABCB6 wt Allele
DUH3;ABCB6 wt Allele
EST45597;ABCB6 wt Allele
LAN;ABCB6 wt Allele
MCOPCB7;ABCB6 wt Allele
MTABC3;ABCB6 wt Allele
PRP;ABCB6 wt Allele
UMAT;ABCB6 wt Allele
umat;ABCB6 wt Allele
AXIN1;AXIN1 Gene
AXIN1 Gene;AXIN1 Gene
Axin 1 Gene;AXIN1 Gene
Stage III Liver Cancer;Stage IIIC Adult Liver Cancer AJCC v7
Stage IIIA Adult Liver Cancer AJCC v7;Stage IIIA Adult Liver Cancer AJCC v7
stage IIIA adult primary liver cancer;Stage IIIA Adult Liver Cancer AJCC v7
Intrahepatic Cholangiocarcinoma with Extensive Sarcomatous Changes;Sarcomatoid Intrahepatic Cholangiocarcinoma
Sarcomatoid Intrahepatic Cholangiocarcinoma;Sarcomatoid Intrahepatic Cholangiocarcinoma
Sarcomatous Intrahepatic Cholangiocarcinoma;Sarcomatoid Intrahepatic Cholangiocarcinoma
Stage IV Intrahepatic Bile Duct Cancer AJCC v8;Stage IV Intrahepatic Bile Duct Cancer AJCC v8
Stage IV Intrahepatic Bile Duct Carcinoma AJCC v8;Stage IV Intrahepatic Bile Duct Cancer AJCC v8
MIR18A;MIR18A Gene
MIR18A Gene;MIR18A Gene
MicroRNA 18a Gene;MIR18A Gene
MIR16-2;MIR16-2 Gene
MIR16-2 Gene;MIR16-2 Gene
MicroRNA 16-2 Gene;MIR16-2 Gene
MIR19B1 wt Allele;MIR19B1 wt Allele
MIRN9B1;MIR19B1 wt Allele
MicroRNA 19b-1 wt Allele;MIR19B1 wt Allele
hsa-mir-19b-1;MIR19B1 wt Allele
Childhood Cancer of Liver;Childhood Malignant Liver Neoplasm
Childhood Cancer of the Liver;Childhood Malignant Liver Neoplasm
Childhood Liver Cancer;Childhood Malignant Liver Neoplasm
Childhood Malignant Liver Neoplasm;Childhood Malignant Liver Neoplasm
Childhood Malignant Liver Tumor;Childhood Malignant Liver Neoplasm
Pediatric Cancer of Liver;Childhood Malignant Liver Neoplasm
Pediatric Cancer of the Liver;Childhood Malignant Liver Neoplasm
Pediatric Liver Cancer;Childhood Malignant Liver Neoplasm
Primary Malignant Liver Neoplasm;Primary Malignant Liver Neoplasm
PRETEXT Stage 4 Hepatoblastoma;PRETEXT Stage 4 Hepatoblastoma
Stage 4 Hepatoblastoma;PRETEXT Stage 4 Hepatoblastoma
Albumin Proximal Factor Gene;HNF1A wt Allele
HNF-1A;HNF1A wt Allele
HNF1;HNF1A wt Allele
HNF1 Homeobox A wt Allele;HNF1A wt Allele
HNF1A wt Allele;HNF1A wt Allele
Hepatic Nuclear Factor 1 Gene;HNF1A wt Allele
IDDM20;HNF1A wt Allele
Interferon Production Regulator Factor Gene;HNF1A wt Allele
LF-B1, Hepatic Nuclear Factor (HNF1), Albumin Proximal Factor Gene;HNF1A wt Allele
LFB1;HNF1A wt Allele
MODY3;HNF1A wt Allele
TCF-1;HNF1A wt Allele
TCF1;HNF1A wt Allele
Transcription Factor 1, Hepatic Gene;HNF1A wt Allele
Non-Resectable Hepatic Malignant Neoplasm;Non-Resectable Malignant Liver Neoplasm
Non-Resectable Malignant Liver Neoplasm;Localized Non-Resectable Adult Liver Carcinoma
Non-Resectable Malignant Neoplasm of Liver;Non-Resectable Malignant Liver Neoplasm
Hepatic and Intrahepatic Bile Duct Non-Epithelial Neoplasm;Liver and Intrahepatic Bile Duct Non-Epithelial Neoplasm
Liver and Intrahepatic Bile Duct Non-Epithelial Neoplasm;Liver and Intrahepatic Bile Duct Non-Epithelial Neoplasm
Non-Epithelial Hepatic and Intrahepatic Bile Duct Neoplasm;Liver and Intrahepatic Bile Duct Non-Epithelial Neoplasm
Lymphoepithelioma-Like Hepatocellular Cancer;Lymphoepithelioma-Like Hepatocellular Carcinoma
Lymphoepithelioma-Like Hepatocellular Carcinoma;Lymphoepithelioma-Like Hepatocellular Carcinoma
MIR9-3 Pre-miRNA;MIR9-3 Pre-miRNA
MIR122 Pre-miRNA;MIR122 Pre-miRNA
MIRLET7A3 wt Allele;MIRLET7A3 wt Allele
MIRNLET7A3;MIRLET7A3 wt Allele
MicroRNA let-7a-3;MIRLET7A3 wt Allele
hsa-let-7a-3;MIRLET7A3 wt Allele
MIR17 Pre-miRNA;MIR17 Pre-miRNA
Cancer of Liver;Liver and Intrahepatic Bile Duct Carcinoma
Cancer of Liver and Intrahepatic Biliary Tract;Liver and Intrahepatic Bile Duct Carcinoma
Cancer of the Liver;Liver and Intrahepatic Bile Duct Carcinoma
Cancer of the Liver and Intrahepatic Biliary Tract;Liver and Intrahepatic Bile Duct Carcinoma
Hepatic Cancer;Liver and Intrahepatic Bile Duct Carcinoma
Liver Cancer;Adult Liver Carcinoma
Liver and Intrahepatic Bile Duct Cancer;Liver and Intrahepatic Bile Duct Carcinoma
Liver and Intrahepatic Bile Duct Carcinoma;Liver and Intrahepatic Bile Duct Carcinoma
Liver and Intrahepatic Biliary Tract Cancer;Liver and Intrahepatic Bile Duct Carcinoma
Liver and Intrahepatic Biliary Tract Carcinoma;Combined Hepatocellular Carcinoma and Cholangiocarcinoma
Liver and hepatobiliary cancer, NOS;Liver and Intrahepatic Bile Duct Carcinoma
Liver/hepatobiliary cancer;Liver and Intrahepatic Bile Duct Carcinoma
Primary Liver Carcinoma;Liver and Intrahepatic Bile Duct Carcinoma
liver cancer;Liver and Intrahepatic Bile Duct Carcinoma
AXIN;AXIN1 wt Allele
AXIN1 wt Allele;AXIN1 wt Allele
Axin 1 wt Allele;AXIN1 wt Allele
Fused, Mouse, Homolog of Gene;AXIN1 wt Allele
LA16c-314G4.3;AXIN1 wt Allele
MGC52315;AXIN1 wt Allele
PPP1R49;AXIN1 wt Allele
Protein Phosphatase 1, Regulatory Subunit 49 Gene;AXIN1 wt Allele
Childhood Carcinoma of Liver Cell;Childhood Hepatocellular Carcinoma
Childhood Carcinoma of the Liver Cell;Childhood Hepatocellular Carcinoma
Childhood Hepatocellular Carcinoma;Childhood Hepatocellular Carcinoma
Childhood Hepatoma;Childhood Hepatocellular Carcinoma
Childhood Liver Cell Carcinoma;Childhood Hepatocellular Carcinoma
Pediatric Carcinoma of Liver Cell;Childhood Hepatocellular Carcinoma
Pediatric Carcinoma of the Liver Cell;Childhood Hepatocellular Carcinoma
Pediatric Hepatocellular Carcinoma;Childhood Hepatocellular Carcinoma
Pediatric Hepatoma;Childhood Hepatocellular Carcinoma
Pediatric Liver Cell Carcinoma;Childhood Hepatocellular Carcinoma
HB-89 Regimen;IPA Liver Cancer Regimen
IPA;IPA Liver Cancer Regimen
IPA Liver Cancer Regimen;IPA Liver Cancer Regimen
IPA Regimen;IPA Liver Cancer Regimen
Ifosfamide-Platinol-Adriamycin Liver Cancer Regimen;IPA Liver Cancer Regimen
BCLC Stage B Adult Hepatocellular Carcinoma;BCLC Stage B Adult Hepatocellular Carcinoma
BCLC Stage B Hepatocellular Cancer;BCLC Stage B Hepatocellular Carcinoma
Barcelona Clinic Liver Cancer Stage B Adult Hepatocellular Carcinoma;BCLC Stage B Adult Hepatocellular Carcinoma
DNAJB1-PRKACA Fusion Gene;DNAJB1/PRKACA Fusion Gene
DNAJB1/PRKACA Fusion Gene;DNAJB1/PRKACA Fusion Gene
Hepatic Leiomyoma;Liver Leiomyoma
Leiomyoma of Liver;Liver Leiomyoma
Leiomyoma of the Liver;Liver Leiomyoma
Liver Leiomyoma;Liver Leiomyoma
MIR17 wt Allele;MIR17 wt Allele
MIR17-5p;MIR17 wt Allele
MIR91;MIR17 wt Allele
MIRN17;MIR17 wt Allele
MIRN91;MIR17 wt Allele
MicroRNA 17 wt Allele;MIR17 wt Allele
hsa-miR-17;MIR17 wt Allele
miR-17;MIR17 wt Allele
miR17-3p;MIR17 wt Allele
miRNA17;MIR17 wt Allele
miRNA91;MIR17 wt Allele
mir-17;MIR17 wt Allele
MIR106B Pre-miRNA;MIR106B Pre-miRNA
Intrahepatic Bile Duct Microcystic Adenoma;Intrahepatic Bile Duct Microcystic Adenoma
Extrarenal Malignant Rhabdoid Tumor of the Liver;Extrarenal Rhabdoid Tumor of the Liver
Extrarenal Rhabdoid Tumor of the Liver;Extrarenal Rhabdoid Tumor of the Liver
Hepatic Kaposi Sarcoma;Liver Kaposi Sarcoma
Liver Kaposi Sarcoma;Liver Kaposi Sarcoma
Hepatic Epithelioid Hemangioendothelioma;Liver Epithelioid Hemangioendothelioma
Liver Epithelioid Hemangioendothelioma;Liver Epithelioid Hemangioendothelioma
Liver Infantile Hemangioendothelioma;Liver Infantile Hemangioma
Liver Infantile Hemangioma;Liver Infantile Hemangioma
Hepatitis viral;Viral Hepatitis
Viral Hepatitis;Viral Hepatitis
Stage II Adult Liver Cancer AJCC v7;Stage II Adult Liver Cancer AJCC v7
Stage II Liver Cancer;Stage II Liver Cancer
stage II adult primary liver cancer;Stage II Adult Liver Cancer AJCC v7
MIR19B1 Pre- miRNA;MIR19B1 Pre- miRNA
Hepatocellular Carcinoma, Recurrent;Recurrent Hepatocellular Carcinoma
Recurrent Carcinoma of Liver Cell;Recurrent Hepatocellular Carcinoma
Recurrent Carcinoma of the Liver Cell;Recurrent Hepatocellular Carcinoma
Recurrent Hepatocellular Cancer;Recurrent Adult Hepatocellular Carcinoma
Recurrent Hepatocellular Carcinoma;Recurrent Hepatocellular Carcinoma
Recurrent Hepatoma;Recurrent Hepatocellular Carcinoma
Recurrent Liver Cell Carcinoma;Recurrent Hepatocellular Carcinoma
Relapsed Carcinoma of Liver Cell;Recurrent Hepatocellular Carcinoma
Relapsed Carcinoma of the Liver Cell;Recurrent Hepatocellular Carcinoma
Relapsed Hepatocellular Carcinoma;Recurrent Hepatocellular Carcinoma
Relapsed Hepatoma;Recurrent Hepatocellular Carcinoma
Relapsed Liver Cell Carcinoma;Recurrent Hepatocellular Carcinoma
Chronic Liver Failure;End Stage Liver Disease
End Stage Liver Disease;End Stage Liver Disease
End Stage Liver Disease (Decompensated Liver Disease);End Stage Liver Disease
End-Stage Liver Disease;End Stage Liver Disease
Hepatoblastoma with Combined Fetal and Embryonal Epithelial Differentiation;Hepatoblastoma with Combined Fetal and Embryonal Epithelial Differentiation
MIR19B2 Pre-miRNA;MIR19B2 Pre-miRNA
Hepatitis C Virus Related Hepatocellular Carcinoma;Hepatitis C Virus-Related Hepatocellular Carcinoma
Hepatitis C Virus-Related Hepatocellular Carcinoma;Hepatitis C Virus-Related Hepatocellular Carcinoma
Fibroma of Liver;Liver Solitary Fibrous Tumor
Fibroma of the Liver;Liver Solitary Fibrous Tumor
Hepatic Fibroma;Liver Solitary Fibrous Tumor
Liver Fibroma;Liver Solitary Fibrous Tumor
Liver Localized Fibrous Mesothelioma;Liver Solitary Fibrous Tumor
Liver Localized Fibrous Tumor;Liver Solitary Fibrous Tumor
Liver Solitary Fibrous Tumor;Liver Solitary Fibrous Tumor
AMPH2;BIN1 wt Allele
AMPHL;BIN1 wt Allele
BIN1 wt Allele;BIN1 wt Allele
Bridging Integrator 1 wt Allele;BIN1 wt Allele
DKFZp547F068;BIN1 wt Allele
MGC10367;BIN1 wt Allele
SH3P9;BIN1 wt Allele
Stage II Intrahepatic Bile Duct Cancer AJCC v8;Stage II Intrahepatic Bile Duct Cancer AJCC v8
Stage II Intrahepatic Bile Duct Carcinoma AJCC v8;Stage II Intrahepatic Bile Duct Cancer AJCC v8
HNF1 Homeobox A Gene;HNF1A Gene
HNF1A;HNF1A Gene
HNF1A Gene;HNF1A Gene
Hepatic Sarcoma;Liver Sarcoma
Liver Sarcoma;Liver Sarcoma
Sarcoma of Liver;Liver Sarcoma
Sarcoma of the Liver;Liver Sarcoma
CARCINOMA, HEPATOCELLULAR, MALIGNANT;Hepatocellular Carcinoma
Carcinoma of Liver Cells;Hepatocellular Carcinoma
Carcinoma of the Liver Cells;Hepatocellular Carcinoma
HCC;Hepatocellular Carcinoma
Hepatocellular Carcinoma;Hepatocellular Carcinoma
Hepatocellular carcinoma;Hepatocellular Carcinoma
Hepatoma;Hepatocellular Carcinoma
Liver Cell Cancer (Hepatocellular Carcinoma);Hepatocellular Carcinoma
Liver Cell Carcinoma;Hepatocellular Carcinoma
Primary Carcinoma of Liver Cells;Hepatocellular Carcinoma
Primary Carcinoma of the Liver Cells;Hepatocellular Carcinoma
hepatocellular carcinoma;Hepatocellular Carcinoma
hepatoma;Hepatocellular Carcinoma
CRF;CRH wt Allele
CRH wt Allele;CRH wt Allele
CRH1;CRH wt Allele
Corticotropin Releasing Hormone wt Allele;CRH wt Allele
Postsurgical Stage IV Hepatoblastoma;Postsurgical Stage IV Hepatoblastoma
Stage IV Hepatoblastoma;Postsurgical Stage IV Hepatoblastoma
BCLC Stage C Adult Hepatocellular Carcinoma;BCLC Stage C Adult Hepatocellular Carcinoma
BCLC Stage C Hepatocellular Cancer;BCLC Stage C Hepatocellular Carcinoma
Barcelona Clinic Liver Cancer Stage C Adult Hepatocellular Carcinoma;BCLC Stage C Adult Hepatocellular Carcinoma
Stage IVA Liver Cancer;Stage IVA Liver Cancer
Stage IVA Liver Carcinoma;Stage IVA Liver Cancer
MIRLET7A1;MIRLET7A1 Gene
MIRLET7A1 Gene;MIRLET7A1 Gene
MicroRNA let-7a-1 Gene;MIRLET7A1 Gene
MIR125B1;MIR125B1 Gene
MIR125B1 Gene;MIR125B1 Gene
MicroRNA 125b-1 Gene;MIR125B1 Gene
Childhood Hepatic Neoplasm;Childhood Liver and Intrahepatic Bile Duct Neoplasm
Childhood Liver Neoplasm;Childhood Liver and Intrahepatic Bile Duct Neoplasm
Childhood Liver and Intrahepatic Bile Duct Neoplasm;Childhood Liver and Intrahepatic Bile Duct Neoplasm
MIR16-2 wt Allele;MIR16-2 wt Allele
MIRN16-2;MIR16-2 wt Allele
MicroRNA 16-2 wt Allele;MIR16-2 wt Allele
hsa-mir-16-2;MIR16-2 wt Allele
Stage IV Intrahepatic Cholangiocarcinoma AJCC v8;Stage IV Intrahepatic Cholangiocarcinoma AJCC v8
MIR19B;MicroRNA 19B
MIRN19b;MicroRNA 19B
MicroRNA 19B;MicroRNA 19B
hsa-miR-19b;MicroRNA 19B
hsa-miR-19b-3p;MicroRNA 19B
miR-19b;MicroRNA 19B
miR19b;MicroRNA 19B
MIR1-1;MIR1-1 Gene
MIR1-1 Gene;MIR1-1 Gene
MicroRNA 1-1 Gene;MIR1-1 Gene
MIR24-2 wt Allele;MIR24-2 wt Allele
MIRN24-2;MIR24-2 wt Allele
MicroRNA 24-2 wt Allele;MIR24-2 wt Allele
hsa-mir-24-2;MIR24-2 wt Allele
ABCB6 Gene;ABCB6 Gene
ATP-Binding Cassette, Sub-Family B (MDR/TAP), Member 6 (Langereis Blood Group) Gene;ABCB6 Gene
AFP wt Allele;AFP wt Allele
Alpha-Fetoprotein wt Allele;AFP wt Allele
FETA;AFP wt Allele
HPAFP;AFP wt Allele
Ductal Plate Malformation;Ductal Plate Malformation
Advanced Adult Hepatocellular Carcinoma;Advanced Adult Hepatocellular Carcinoma
Advanced Adult Hepatoma;Advanced Adult Hepatocellular Carcinoma
Advanced Hepatocellular Cancer;Advanced Adult Hepatocellular Carcinoma
Stage I Intrahepatic Bile Duct Cancer AJCC v8;Stage I Intrahepatic Bile Duct Cancer AJCC v8
Stage I Intrahepatic Bile Duct Carcinoma AJCC v8;Stage I Intrahepatic Bile Duct Cancer AJCC v8
ADENOMA, HEPATOCHOLANGIOCELLULAR, BENIGN;Intrahepatic Bile Duct Adenoma
Adenoma of Intrahepatic Bile Duct;Intrahepatic Bile Duct Adenoma
Adenoma of the Intrahepatic Bile Duct;Intrahepatic Bile Duct Adenoma
Intrahepatic Bile Duct Adenoma;Intrahepatic Bile Duct Adenoma
MIR125B2 wt Allele;MIR125B2 wt Allele
MIRN125B2;MIR125B2 wt Allele
MicroRNA 125b-2 wt Allele;MIR125B2 wt Allele
hsa-miR-125b-2;MIR125B2 wt Allele
Hepatic Abscess;Liver Abscess
Liver Abscess;Liver Abscess
MIR27A Pre-miRNA;MIR27A Pre-miRNA
Stage III Intrahepatic Cholangiocarcinoma AJCC v8;Stage III Intrahepatic Cholangiocarcinoma AJCC v8
MIRLET7A1 wt Allele;MIRLET7A1 wt Allele
MIRNLET7A1;MIRLET7A1 wt Allele
MicroRNA let-7a-1;MIRLET7A1 Pre-miRNA
hsa-let-7a-1;MIRLET7A1 wt Allele
MIR25 Pre-miRNA;MIR25 Pre-miRNA
Neonatal Hepatitis;Neonatal Hepatitis
MIR101-1 wt Allele;MIR101-1 wt Allele
MIRN101-1;MIR101-1 wt Allele
MicroRNA 101-1 wt Allele;MIR101-1 wt Allele
hsa-mir-101-1;MIR101-1 wt Allele
MIR146A;MIR146A Gene
MIR146A Gene;MIR146A Gene
MicroRNA 146A Gene;MIR146A Gene
BCLC Staging for Hepatocellular Carcinoma;Hepatocellular Carcinoma by BCLC Stage
Barcelona Clinic Liver Cancer Staging for Hepatocellular Carcinoma;Hepatocellular Carcinoma by BCLC Stage
Hepatocellular Carcinoma BCLC Staging;Hepatocellular Carcinoma by BCLC Stage
Hepatocellular Carcinoma Barcelona Clinic Liver Cancer Staging;Hepatocellular Carcinoma by BCLC Stage
Hepatocellular Carcinoma by BCLC Stage;Hepatocellular Carcinoma by BCLC Stage
Hepatocellular Carcinoma by Barcelona Clinic Liver Cancer Stage;Hepatocellular Carcinoma by BCLC Stage
Hepatocellular Cancer Stage I;Stage I Hepatocellular Carcinoma AJCC v6 and v7
Liver Cell Cancer Stage I;Stage I Hepatocellular Carcinoma AJCC v6 and v7
Stage I Hepatocellular Carcinoma AJCC v6;Stage I Hepatocellular Carcinoma AJCC v6 and v7
Stage I Hepatocellular Carcinoma AJCC v6 and v7;Stage I Hepatocellular Carcinoma AJCC v6 and v7
Stage I Hepatocellular Carcinoma AJCC v7;Stage I Hepatocellular Carcinoma AJCC v6 and v7
Stage I Liver Cell Cancer;Stage I Hepatocellular Carcinoma AJCC v6 and v7
Stage I Liver Cell Carcinoma;Stage I Hepatocellular Carcinoma AJCC v6 and v7
MIR200B wt Allele;MIR200B wt Allele
MIRN200B;MIR200B wt Allele
MicroRNA 200b wt Allele;MIR200B wt Allele
hsa-mir-200b;MIR200B wt Allele
Beta Catenin Gene Mutation;CTNNB1 Gene Mutation
CTNNB1 Gene Mutation;CTNNB1 Gene Mutation
Hepatic Angiomyolipoma;Liver Angiomyolipoma
Liver Angiomyolipoma;Liver Angiomyolipoma
Liver PEComa;Liver Angiomyolipoma
Intrahepatic Bile Duct Cystadenoma;Intrahepatic Bile Duct Mucinous Cystic Neoplasm
Intrahepatic Bile Duct Mucinous Cystic Neoplasm;Intrahepatic Bile Duct Mucinous Cystic Neoplasm
PRETEXT Stage 3 Hepatoblastoma;PRETEXT Stage 3 Hepatoblastoma
Stage 3 Hepatoblastoma;PRETEXT Stage 3 Hepatoblastoma
Localized Resectable Adult Liver Cancer;Localized Resectable Adult Liver Carcinoma
Localized Resectable Adult Liver Carcinoma;Localized Resectable Adult Liver Carcinoma
Localized Resectable Adult Primary Cancer of Liver;Localized Resectable Adult Liver Carcinoma
Localized Resectable Adult Primary Cancer of the Liver;Localized Resectable Adult Liver Carcinoma
Localized Resectable Adult Primary Liver Cancer;Localized Resectable Adult Liver Carcinoma
Resectable Malignant Liver Neoplasm;Resectable Malignant Liver Neoplasm
MIRLET7A3;MIRLET7A3 Gene
MIRLET7A3 Gene;MIRLET7A3 Gene
MicroRNA let-7a-3 Gene;MIRLET7A3 Gene
Autoimmune Hepatitis with Centrilobular Necrosis;Autoimmune Hepatitis with Centrilobular Necrosis
HNEC;Liver Neuroendocrine Carcinoma
Hepatic Neuroendocrine Carcinoma;Liver Neuroendocrine Carcinoma
Liver Neuroendocrine Cancer;Liver Neuroendocrine Carcinoma
Liver Neuroendocrine Carcinoma;Liver Neuroendocrine Carcinoma
Primary Hepatic Neuroendocrine Carcinoma;Liver Neuroendocrine Carcinoma
Primary Liver Neuroendocrine Carcinoma;Liver Neuroendocrine Carcinoma
Angiosarcoma of Liver;Liver Angiosarcoma
Angiosarcoma of the Liver;Liver Angiosarcoma
Hemangiosarcoma of Liver;Liver Angiosarcoma
Hemangiosarcoma of the Liver;Liver Angiosarcoma
Hepatic Angiosarcoma;Liver Angiosarcoma
Hepatic Hemangiosarcoma;Liver Angiosarcoma
Liver Angiosarcoma;Liver Angiosarcoma
Liver Hemangiosarcoma;Liver Angiosarcoma
Primary Angiosarcoma of Liver;Liver Angiosarcoma
Primary Angiosarcoma of the Liver;Liver Angiosarcoma
Clear Cell Intrahepatic Cholangiocarcinoma;Clear Cell Intrahepatic Cholangiocarcinoma
Stage IIIB Hepatocellular Carcinoma AJCC v8;Stage IIIB Hepatocellular Carcinoma AJCC v8
Stage IIIB Liver Cell Carcinoma AJCC v8;Stage IIIB Hepatocellular Carcinoma AJCC v8
Calcifying Nested Epithelial Stromal Tumor of the Liver;Calcifying Nested Epithelial Stromal Tumor of the Liver
MIR223 wt Allele;MIR223 wt Allele
MIRN223;MIR223 wt Allele
MicroRNA 223 wt Allele;MIR223 wt Allele
hsa-mir-223;MIR223 wt Allele
miRNA223;MIR223 wt Allele
mir-223;MIR223 wt Allele
Cirrhosis;Cirrhosis
Liver Cirrhosis;Cirrhosis
cirrhosis;Cirrhosis
MIRLET7A3 Pre-miRNA;MIRLET7A3 Pre-miRNA
MIR25 wt Allele;MIR25 wt Allele
MIRN25;MIR25 wt Allele
MicroRNA 25 wt Allele;MIR25 wt Allele
hsa-mir-25;MIR25 wt Allele
BCLC Stage D Hepatocellular Cancer;BCLC Stage D Adult Hepatocellular Carcinoma
BCLC Stage D Hepatocellular Carcinoma;BCLC Stage D Hepatocellular Carcinoma
Barcelona Clinic Liver Cancer Stage D Hepatocellular Carcinoma;BCLC Stage D Hepatocellular Carcinoma
Alcoholic Hepatitis;Alcoholic Hepatitis
Postsurgical Stage III Hepatoblastoma;Postsurgical Stage III Hepatoblastoma
Stage III Hepatoblastoma;Postsurgical Stage III Hepatoblastoma
Mucin-Producing Intrahepatic Cholangiocarcinoma;Mucin-Producing Intrahepatic Cholangiocarcinoma
Mucinous Intrahepatic Cholangiocarcinoma;Mucin-Producing Intrahepatic Cholangiocarcinoma
Adult Liver Carcinoma;Adult Liver Carcinoma
Adult Primary Cancer of Liver;Adult Liver Carcinoma
Adult Primary Cancer of the Liver;Adult Liver Carcinoma
Adult Primary Liver Cancer;Adult Liver Carcinoma
Adult Primary Liver Carcinoma;Adult Liver Carcinoma
Fibrosarcoma of Liver;Liver Fibrosarcoma
Fibrosarcoma of the Liver;Liver Fibrosarcoma
Hepatic Fibrosarcoma;Liver Fibrosarcoma
Liver Fibrosarcoma;Liver Fibrosarcoma
MIR26A2;MIR26A2 Gene
MIR26A2 Gene;MIR26A2 Gene
MicroRNA 26a-2 Gene;MIR26A2 Gene
BCLC Stage A Adult Hepatocellular Carcinoma;BCLC Stage A Adult Hepatocellular Carcinoma
BCLC Stage A Hepatocellular Cancer;BCLC Stage A Hepatocellular Carcinoma
Barcelona Clinic Liver Cancer Stage A Adult Hepatocellular Carcinoma;BCLC Stage A Adult Hepatocellular Carcinoma
Hepatic Failure;Liver Failure
Hepatic failure;Liver Failure
Liver Failure;Liver Failure
Stage II Intrahepatic Cholangiocarcinoma AJCC v8;Stage II Intrahepatic Cholangiocarcinoma AJCC v8
MIR127;MIR127 Gene
MIR127 Gene;MIR127 Gene
MicroRNA 127 Gene;MIR127 Gene
Adult Fibrolamellar Carcinoma;Adult Fibrolamellar Carcinoma
Fibrolamellar Cancer;Fibrolamellar Carcinoma
MIR27A;MIR27A Gene
MIR27A Gene;MIR27A Gene
MicroRNA 27a Gene;MIR27A Gene
MIR9-1;MIR9-1 Gene
MIR9-1 Gene;MIR9-1 Gene
MicroRNA 9-1 Gene;MIR9-1 Gene
MIR221 Pre-miRNA;MIR221 Pre-miRNA
AFP;AFP Gene
AFP Gene;AFP Gene
Alpha-Fetoprotein Gene;AFP Gene
Prostate Stromal Protein ps20;WAP Four-Disulfide Core Domain Protein 1
WAP 4-Disulfide Core Domain 1;WAP Four-Disulfide Core Domain Protein 1
WAP Four-Disulfide Core Domain 1 Homolog;WAP Four-Disulfide Core Domain Protein 1
WAP Four-Disulfide Core Domain 1 Protein;WAP Four-Disulfide Core Domain Protein 1
WAP Four-Disulfide Core Domain Protein 1;WAP Four-Disulfide Core Domain Protein 1
WFDC1;WAP Four-Disulfide Core Domain Protein 1
WFDC1 Protein;WAP Four-Disulfide Core Domain Protein 1
ps20 Growth Inhibitor;WAP Four-Disulfide Core Domain Protein 1
Stage II Intrahepatic Cholangiocarcinoma;Stage II Intrahepatic Cholangiocarcinoma AJCC v7
Stage II Intrahepatic Cholangiocarcinoma (Bile Duct Cancer);Stage II Intrahepatic Cholangiocarcinoma AJCC v7
Stage II Intrahepatic Cholangiocarcinoma AJCC v7;Stage II Intrahepatic Cholangiocarcinoma AJCC v7
BIN1;BIN1 Gene
BIN1 Gene;BIN1 Gene
Bridging Integrator 1 Gene;BIN1 Gene
CDI1 Gene;CDKN3 wt Allele
CDK2-Associated Dual Specificity Phosphatase Gene;CDKN3 wt Allele
CDKN3 wt Allele;CDKN3 wt Allele
CIP2 Gene;CDKN3 wt Allele
Cyclin-Dependent Kinase Inhibitor 3 (CDK2-Associated Dual Specificity Phosphatase) wt Allele;CDKN3 wt Allele
Cyclin-Dependent Kinase Inhibitor 3 Gene;CDKN3 wt Allele
Cyclin-Dependent Kinase Interacting Protein 2 Gene;CDKN3 wt Allele
Cyclin-Dependent Kinase Interactor 1 Gene;CDKN3 wt Allele
KAP Gene;CDKN3 wt Allele
KAP1 Gene;CDKN3 wt Allele
Kinase-Associated Phosphatase Gene;CDKN3 wt Allele
MIR92A2 wt Allele;MIR92A2 wt Allele
MIRN92A2;MIR92A2 wt Allele
MicroRNA 92a-2 wt Allele;MIR92A2 wt Allele
hsa-mir-92a-2;MIR92A2 wt Allele
MIR146A Pre-miRNA;MIR146A Pre-miRNA
Stage III Liver Carcinoma;Stage III Liver Cancer
Stage III Intrahepatic Bile Duct Cancer AJCC v8;Stage III Intrahepatic Bile Duct Cancer AJCC v8
Stage III Intrahepatic Bile Duct Carcinoma AJCC v8;Stage III Intrahepatic Bile Duct Cancer AJCC v8
Stage III Intrahepatic Cholangiocarcinoma;Stage III Intrahepatic Cholangiocarcinoma AJCC v7
Stage III Intrahepatic Cholangiocarcinoma (Bile Duct Cancer);Stage III Intrahepatic Cholangiocarcinoma AJCC v7
Stage III Intrahepatic Cholangiocarcinoma AJCC v7;Stage III Intrahepatic Cholangiocarcinoma AJCC v7
MIR130A wt Allele;MIR130A wt Allele
MIRN130A;MIR130A wt Allele
MicroRNA 130a wt Allele;MIR130A wt Allele
hsa-miR-130a;MIR130A wt Allele
Poorly Differentiated Hepatocellular Cancer;Poorly Differentiated Hepatocellular Carcinoma
Poorly Differentiated Hepatocellular Carcinoma;Poorly Differentiated Hepatocellular Carcinoma
Stage IIIB Intrahepatic Cholangiocarcinoma AJCC v8;Stage IIIB Intrahepatic Cholangiocarcinoma AJCC v8
Biliary Cirrhosis;Biliary Cirrhosis
Biliary Liver Cirrhosis;Biliary Cirrhosis
Cirrhosis, Biliary;Biliary Cirrhosis
MIR26A1;MIR26A1 Gene
MIR26A1 Gene;MIR26A1 Gene
MicroRNA 26a-1 Gene;MIR26A1 Gene
Cryptogenic Cirrhosis;Cryptogenic Cirrhosis
Localized Non-Resectable Adult Hepatocellular Carcinoma;Localized Non-Resectable Adult Hepatocellular Carcinoma
Localized Unresectable Adult Hepatocellular Carcinoma;Localized Non-Resectable Adult Hepatocellular Carcinoma
Non-Resectable Hepatocellular Cancer;Localized Non-Resectable Adult Hepatocellular Carcinoma
Stage IA Intrahepatic Bile Duct Cancer AJCC v8;Stage IA Intrahepatic Bile Duct Cancer AJCC v8
Stage IA Intrahepatic Bile Duct Carcinoma AJCC v8;Stage IA Intrahepatic Bile Duct Cancer AJCC v8
PRETEXT Stage 1 Hepatoblastoma;PRETEXT Stage 1 Hepatoblastoma
Stage 1 Hepatoblastoma;PRETEXT Stage 1 Hepatoblastoma
NAFLD;Nonalcoholic Fatty Liver Disease
NAFLD - Nonalcoholic Fatty Liver Disease;Nonalcoholic Fatty Liver Disease
Nonalcoholic Fatty Liver Disease;Nonalcoholic Fatty Liver Disease
Hepatitis Virus Related Hepatocellular Carcinoma;Hepatitis Virus-Related Hepatocellular Carcinoma
Hepatitis Virus-Related Hepatocellular Cancer;Hepatitis Virus-Related Hepatocellular Carcinoma
Hepatitis Virus-Related Hepatocellular Carcinoma;Hepatitis Virus-Related Hepatocellular Carcinoma
MIR15A Pre-miRNA;MIR15A Pre-miRNA
CTNNB;CTNNB1 wt Allele
CTNNB1 wt Allele;CTNNB1 wt Allele
Cadherin-Associated Protein, Beta 1 (88kD) Gene;CTNNB1 wt Allele
Cadherin-Associated Protein, Beta Gene;CTNNB1 wt Allele
Catenin (Cadherin-Associated Protein), Beta 1 (88kD) Gene;CTNNB1 wt Allele
Catenin (Cadherin-Associated Protein), Beta 1 Gene;CTNNB1 wt Allele
Catenin (Cadherin-Associated Protein), Beta 1, 88kDa Gene;CTNNB1 wt Allele
Catenin Beta 1 wt Allele;CTNNB1 wt Allele
Catenin, Beta-1 Gene;CTNNB1 wt Allele
MRD19;CTNNB1 wt Allele
OK/SW-cl.35;CTNNB1 wt Allele
PRO2286;CTNNB1 wt Allele
armadillo;CTNNB1 wt Allele
IGF2R;IGF2R Gene
IGF2R Gene;IGF2R Gene
Insulin-Like Growth Factor 2 Receptor Gene;IGF2R Gene
MIR24-1 Pre-miRNA;MIR24-1 Pre-miRNA
Well Differentiated Hepatocellular Cancer;Well Differentiated Hepatocellular Carcinoma
Well Differentiated Hepatocellular Carcinoma;Well Differentiated Hepatocellular Carcinoma
Granulomatous Hepatitis;Granulomatous Hepatitis
Intrahepatic Bile Duct BilIN;Intrahepatic Bile Duct Biliary Intraepithelial Neoplasia
Intrahepatic Bile Duct Biliary Intraepithelial Neoplasia;Intrahepatic Bile Duct Biliary Intraepithelial Neoplasia
Intrahepatic Bile Duct Dysplasia;Intrahepatic Bile Duct Biliary Intraepithelial Neoplasia
MIR127 wt Allele;MIR127 wt Allele
MIRN127;MIR127 wt Allele
MicroRNA 127 wt Allele;MIR127 wt Allele
hsa-miR-127;MIR127 wt Allele
Stage 0 Intrahepatic Cholangiocarcinoma (Bile Duct Cancer);Stage 0 Intrahepatic Cholangiocarcinoma AJCC v7
Stage 0 Intrahepatic Cholangiocarcinoma AJCC v7;Stage 0 Intrahepatic Cholangiocarcinoma AJCC v7
MIR19B1;MIR19B1 Gene
MIR19B1 Gene;MIR19B1 Gene
MicroRNA 19b-1 Gene;MIR19B1 Gene
Hepatic Lymphoma;Liver Lymphoma
Liver Lymphoma;Liver Lymphoma
Lymphoma of Liver;Liver Lymphoma
Lymphoma of the Liver;Liver Lymphoma
Primary Hepatic Lymphoma;Liver Lymphoma
Primary Liver Lymphoma;Liver Lymphoma
MIR125B2 Pre-miRNA;MIR125B2 Pre-miRNA
CD222;IGF2R wt Allele
CIMPR;IGF2R wt Allele
IGF2R wt Allele;IGF2R wt Allele
Insulin-Like Growth Factor 2 Receptor wt Allele;IGF2R wt Allele
M6P-R;IGF2R wt Allele
MPRI;IGF2R wt Allele
Alcoholic Cirrhosis;Alcoholic Cirrhosis
Non-Resectable Hepatocellular Carcinoma;Non-Resectable Hepatocellular Carcinoma
Unresectable Hepatocellular Cancer;Non-Resectable Hepatocellular Carcinoma
CCNA2;CCNA2 Gene
CCNA2 Gene;CCNA2 Gene
Cyclin A2 Gene;CCNA2 Gene
Stage IIIA Carcinoma of Liver Cells;Stage IIIA Hepatocellular Carcinoma AJCC v7
Stage IIIA Carcinoma of the Liver Cells;Stage IIIA Hepatocellular Carcinoma AJCC v7
Stage IIIA Hepatocellular Cancer;Stage IIIA Hepatocellular Carcinoma AJCC v7
Stage IIIA Hepatocellular Carcinoma;Stage IIIA Hepatocellular Carcinoma AJCC v7
Stage IIIA Hepatocellular Carcinoma AJCC v7;Stage IIIA Hepatocellular Carcinoma AJCC v7
Stage IIIA Liver Cancer;Stage IIIA Hepatocellular Carcinoma AJCC v7
Stage IIIA Liver Carcinoma;Stage IIIA Hepatocellular Carcinoma AJCC v7
Stage IIIA Liver Cell Carcinoma;Stage IIIA Hepatocellular Carcinoma AJCC v7
Adult Combined Hepatocellular Carcinoma and Cholangiocarcinoma;Adult Combined Hepatocellular Carcinoma and Cholangiocarcinoma
Stage IV Adult Liver Cancer AJCC v7;Stage IV Adult Liver Cancer AJCC v7
Stage IV Liver Cancer;Stage IV Liver Cancer
stage IV adult primary liver cancer;Stage IV Adult Liver Cancer AJCC v7
Stage IIIB Carcinoma of Liver Cells;Stage IIIB Hepatocellular Carcinoma AJCC v7
Stage IIIB Carcinoma of the Liver Cells;Stage IIIB Hepatocellular Carcinoma AJCC v7
Stage IIIB Hepatocellular Cancer;Stage IIIB Hepatocellular Carcinoma AJCC v7
Stage IIIB Hepatocellular Carcinoma;Stage IIIB Hepatocellular Carcinoma AJCC v7
Stage IIIB Hepatocellular Carcinoma AJCC v7;Stage IIIB Hepatocellular Carcinoma AJCC v7
Stage IIIB Liver Cancer;Stage IIIB Hepatocellular Carcinoma AJCC v7
Stage IIIB Liver Carcinoma;Stage IIIB Hepatocellular Carcinoma AJCC v7
Stage IIIB Liver Cell Carcinoma;Stage IIIB Hepatocellular Carcinoma AJCC v7
MIR130A;MIR130A Gene
MIR130A Gene;MIR130A Gene
MicroRNA 130a Gene;MIR130A Gene
MIR223;MIR223 Gene
MIR223 Gene;MIR223 Gene
MicroRNA 223 Gene;MIR223 Gene
MIR24-1;MIR24-1 Gene
MIR24-1 Gene;MIR24-1 Gene
MicroRNA 24-1 Gene;MIR24-1 Gene
MIR126;MIR126 Gene
MIR126 Gene;MIR126 Gene
MicroRNA 126 Gene;MIR126 Gene
BCLC Stage C Hepatocellular Carcinoma;BCLC Stage C Hepatocellular Carcinoma
Barcelona Clinic Liver Cancer Stage C Hepatocellular Carcinoma;BCLC Stage C Hepatocellular Carcinoma
HNF1alpha-Inactivated Hepatocellular Adenoma;HNF1alpha-Inactivated Hepatocellular Adenoma
Hepatic Leiomyosarcoma;Liver Leiomyosarcoma
Leiomyosarcoma of Liver;Liver Leiomyosarcoma
Leiomyosarcoma of the Liver;Liver Leiomyosarcoma
Liver Leiomyosarcoma;Liver Leiomyosarcoma
PDGFRL;Platelet-Derived Growth Factor Receptor-Like Protein
PDGFRL Gene;PDGFRL Gene
Platelet-Derived Growth Factor Receptor-Like Gene;PDGFRL Gene
Hepatic Neuroendocrine Neoplasm;Liver Neuroendocrine Neoplasm
Liver Neuroendocrine Neoplasm;Liver Neuroendocrine Neoplasm
Primary Hepatic Neuroendocrine Neoplasm;Liver Neuroendocrine Neoplasm
Primary Liver Neuroendocrine Neoplasm;Liver Neuroendocrine Neoplasm
MIR18A Pre-miRNA;MIR18A Pre-miRNA
Hepatic Yolk Sac Tumor;Liver Yolk Sac Tumor
Liver Yolk Sac Tumor;Liver Yolk Sac Tumor
MIR20 wt Allele;MIR20A wt Allele
MIR20A wt Allele;MIR20A wt Allele
MIRN20;MIR20A wt Allele
MIRN20A;MIR20A wt Allele
MicroRNA 20 wt Allele;MIR20A wt Allele
hsa-miR-20a;MIR20A wt Allele
hsa-mir-20;MIR20A wt Allele
Hepatic Germ Cell Tumor;Liver Germ cell Tumor
Liver Germ cell Tumor;Liver Germ cell Tumor
Stage II Childhood Hepatocellular Carcinoma AJCC v6;Stage II Childhood Hepatocellular Carcinoma AJCC v6 and v7
Stage II Childhood Hepatocellular Carcinoma AJCC v6 and v7;Stage II Childhood Hepatocellular Carcinoma AJCC v6 and v7
Stage II Childhood Hepatocellular Carcinoma AJCC v7;Stage II Childhood Hepatocellular Carcinoma AJCC v6 and v7
Stage II Childhood Hepatoma;Stage II Childhood Hepatocellular Carcinoma AJCC v6 and v7
Stage II Childhood Liver Cell Carcinoma;Stage II Childhood Hepatocellular Carcinoma AJCC v6 and v7
Stage II Hepatocellular Cancer;Stage II Hepatocellular Carcinoma AJCC v6 and v7
Stage II Pediatric Hepatocellular Carcinoma;Stage II Childhood Hepatocellular Carcinoma AJCC v6 and v7
Stage II Pediatric Hepatoma;Stage II Childhood Hepatocellular Carcinoma AJCC v6 and v7
Stage II Pediatric Liver Cell Carcinoma;Stage II Childhood Hepatocellular Carcinoma AJCC v6 and v7
stage II childhood liver cancer;Stage II Childhood Hepatocellular Carcinoma AJCC v6 and v7
Stage III Hepatocellular Cancer;Stage III Hepatocellular Carcinoma AJCC v6
Stage III Hepatocellular Carcinoma;Stage III Hepatocellular Carcinoma AJCC v7
Stage III Hepatocellular Carcinoma AJCC v7;Stage III Hepatocellular Carcinoma AJCC v7
MIR126 wt Allele;MIR126 wt Allele
MIRN126;MIR126 wt Allele
MicroRNA 126 wt Allele;MIR126 wt Allele
hsa-miR-126;MIR126 wt Allele
Polycystic Liver Disease;Polycystic Liver Disease
Hepatolithiasis;Hepatolithiasis
Macrotrabecular Hepatoblastoma;Macrotrabecular Hepatoblastoma
Intrahepatic Bile Duct Cancer by AJCC v8 Stage;Intrahepatic Bile Duct Cancer by AJCC v8 Stage
Intrahepatic Bile Duct Carcinoma by AJCC v8 Stage;Intrahepatic Bile Duct Cancer by AJCC v8 Stage
CHOLANGIOCARCINOMA, INTRAHEPATIC, MALIGNANT;Intrahepatic Cholangiocarcinoma
ICC;Intrahepatic Cholangiocarcinoma
Intrahepatic Bile Duct Carcinoma;Intrahepatic Cholangiocarcinoma
Intrahepatic Carcinoma of Bile Duct;Intrahepatic Cholangiocarcinoma
Intrahepatic Carcinoma of the Bile Duct;Intrahepatic Cholangiocarcinoma
Intrahepatic Cholangiocarcinoma;Intrahepatic Cholangiocarcinoma
Intrahepatic Cholangiocarcinoma (Bile Duct Cancer);Intrahepatic Cholangiocarcinoma
Intrahepatic Cholangiocellular Carcinoma;Intrahepatic Cholangiocarcinoma
Recurrent Childhood Hepatocellular Carcinoma;Recurrent Childhood Hepatocellular Carcinoma
Recurrent Childhood Hepatoma;Recurrent Childhood Hepatocellular Carcinoma
Recurrent Pediatric Hepatocellular Carcinoma;Recurrent Childhood Hepatocellular Carcinoma
Recurrent Pediatric Hepatoma;Recurrent Childhood Hepatocellular Carcinoma
Stage III Adult Liver Cancer AJCC v7;Stage III Adult Liver Cancer AJCC v7
BCLC Stage D Adult Hepatocellular Carcinoma;BCLC Stage D Adult Hepatocellular Carcinoma
Barcelona Clinic Liver Cancer Stage D Adult Hepatocellular Carcinoma;BCLC Stage D Adult Hepatocellular Carcinoma
Carcinoid Tumor of Liver;Liver Neuroendocrine Tumor
Carcinoid Tumor of the Liver;Liver Neuroendocrine Tumor
HNET;Liver Neuroendocrine Tumor
Hepatic Carcinoid Tumor;Liver Neuroendocrine Tumor
Hepatic Neuroendocrine Tumor;Liver Neuroendocrine Tumor
Liver Carcinoid Tumor;Liver Neuroendocrine Tumor
Liver Neuroendocrine Tumor;Liver Neuroendocrine Tumor
Primary Hepatic Neuroendocrine Tumor;Liver Neuroendocrine Tumor
Primary Liver Neuroendocrine Tumor;Liver Neuroendocrine Tumor
Acute Hepatitis;Acute Hepatitis
MIR125B2;MIR125B2 Gene
MIR125B2 Gene;MIR125B2 Gene
MicroRNA 125b-2 Gene;MIR125B2 Gene
Hepatic Veno-Occlusive Disease;Liver Veno-Occlusive Disease
Liver Veno-Occlusive Disease;Liver Veno-Occlusive Disease
hepatic veno-occlusive disease;Liver Veno-Occlusive Disease
Hepatitis B Virus Related Hepatocellular Carcinoma;Hepatitis B Virus-Related Hepatocellular Carcinoma
Hepatitis B Virus-Related Hepatocellular Carcinoma;Hepatitis B Virus-Related Hepatocellular Carcinoma
Localized Resectable Adult Hepatocellular Carcinoma;Localized Resectable Adult Hepatocellular Carcinoma
Hepatitis G;Hepatitis G Infection
Hepatitis G Infection;Hepatitis G Infection
Hepatic Mesenchymal Hamartoma;Liver Mesenchymal Hamartoma
Liver MH;Liver Mesenchymal Hamartoma
Liver Mesenchymal Hamartoma;Liver Mesenchymal Hamartoma
Mesenchymal Hamartoma of Liver;Liver Mesenchymal Hamartoma
Mesenchymal Hamartoma of the Liver;Liver Mesenchymal Hamartoma
Autoimmune Hepatitis;Autoimmune Hepatitis
Intrahepatic Cholangiocarcinoma by AJCC v7 Stage;Intrahepatic Cholangiocarcinoma by AJCC v7 Stage
PDGF Receptor Beta-Like Tumor Suppressor;Platelet-Derived Growth Factor Receptor-Like Protein
PDGF-Receptor Beta-Like Tumor Suppressor;Platelet-Derived Growth Factor Receptor-Like Protein
PDGFR-Like Protein;Platelet-Derived Growth Factor Receptor-Like Protein
Platelet-Derived Growth Factor Receptor-Like;Platelet-Derived Growth Factor Receptor-Like Protein
Platelet-Derived Growth Factor Receptor-Like Protein;Platelet-Derived Growth Factor Receptor-Like Protein
Platelet-Derived Growth Factor-Beta-Like Tumor Suppressor;Platelet-Derived Growth Factor Receptor-Like Protein
BCLC Stage A Hepatocellular Carcinoma;BCLC Stage A Hepatocellular Carcinoma
Barcelona Clinic Liver Cancer Stage A Hepatocellular Carcinoma;BCLC Stage A Hepatocellular Carcinoma
MIR19A;MIR19A Gene
MIR19A Gene;MIR19A Gene
MicroRNA 19a Gene;MIR19A Gene
MIR224 wt Allele;MIR224 wt Allele
MIRN224;MIR224 wt Allele
hsa-mir-224;MIR224 wt Allele
MIR20A;MIR20A Gene
MIR20A Gene;MIR20A Gene
MicroRNA 20a Gene;MIR20A Gene
Angioma of Liver;Liver Hemangioma
Angioma of the Liver;Liver Hemangioma
Hemangioma of Liver;Liver Hemangioma
Hemangioma of the Liver;Liver Hemangioma
Hepatic Angioma;Liver Hemangioma
Hepatic Hemangioma;Liver Hemangioma
Liver Angioma;Liver Hemangioma
Liver Hemangioma;Liver Hemangioma
BCC7;TP53 wt Allele
FLJ92943;TP53 wt Allele
LFS1;TP53 wt Allele
P53;TP53 Gene
TP53;TP53 Gene
TP53 wt Allele;TP53 wt Allele
TRP53;TP53 wt Allele
Tumor Protein P53 (Li-Fraumeni Syndrome) wt Allele;TP53 wt Allele
Tumor Protein p53 Gene;TP53 wt Allele
p53;TP53 wt Allele
p53 gene;TP53 wt Allele
p53 wild type;TP53 wt Allele
TP53 Gene;TP53 Gene
Tumor Protein P53 (Li-Fraumeni Syndrome) Gene;TP53 Gene
MIR17;MIR17 Gene
MIR17 Gene;MIR17 Gene
MicroRNA 17 Gene;MIR17 Gene
MIR16-1 Pre-miRNA;MIR16-1 Pre-miRNA
Biliary Adenofibroma;Biliary Adenofibroma
Intrahepatic Bile Duct Adenofibroma;Biliary Adenofibroma
MIR92A1 Pre-miRNA;MIR92A1 Pre-miRNA
Stage IVB Hepatocellular Carcinoma AJCC v8;Stage IVB Hepatocellular Carcinoma AJCC v8
Stage IVB Liver Cell Carcinoma AJCC v8;Stage IVB Hepatocellular Carcinoma AJCC v8
Hepatitis B;Hepatitis B Infection
Hepatitis B Infection;Hepatitis B Infection
Viral Hepatitis B;Hepatitis B Infection
Stage IA Intrahepatic Cholangiocarcinoma AJCC v8;Stage IA Intrahepatic Cholangiocarcinoma AJCC v8
Hepatocellular Cancer Stage IV AJCC v6;Stage IV Hepatocellular Carcinoma AJCC v6
Liver Cell Cancer Stage IV AJCC v6;Stage IV Hepatocellular Carcinoma AJCC v6
Stage IV Hepatocellular Cancer;Stage IV Hepatocellular Carcinoma AJCC v7
Stage IV Hepatocellular Cancer AJCC v6;Stage IV Hepatocellular Carcinoma AJCC v6
Stage IV Hepatocellular Carcinoma AJCC v6;Stage IV Hepatocellular Carcinoma AJCC v6
Stage IV Liver Cell Cancer AJCC v6;Stage IV Hepatocellular Carcinoma AJCC v6
Stage IV Liver Cell Carcinoma AJCC v6;Stage IV Hepatocellular Carcinoma AJCC v6
Hepatocellular Carcinoma, Resectable;Resectable Hepatocellular Carcinoma
Resectable Carcinoma of Liver Cell;Resectable Hepatocellular Carcinoma
Resectable Carcinoma of the Liver Cell;Resectable Hepatocellular Carcinoma
Resectable Hepatocellular Cancer;Resectable Hepatocellular Carcinoma
Resectable Hepatocellular Carcinoma;Resectable Hepatocellular Carcinoma
Resectable Hepatoma;Resectable Hepatocellular Carcinoma
Resectable Liver Cell Carcinoma;Resectable Hepatocellular Carcinoma
HBL;Hepatoblastoma
HEPATOBLASTOMA, MALIGNANT;Hepatoblastoma
Hepatoblastoma;Hepatoblastoma
Pediatric Embryonal Hepatoma;Hepatoblastoma
Pediatric Hepatoblastoma;Hepatoblastoma
hepatoblastoma;Hepatoblastoma
HGDN;High Grade Liver Dysplastic Nodule
High Grade Hepatic Dysplastic Nodule;High Grade Liver Dysplastic Nodule
High Grade Liver Dysplastic Nodule;High Grade Liver Dysplastic Nodule
TP53 Deletion;TP53 Gene Deletion
TP53 Gene Deletion;TP53 Gene Deletion
Tumor Protein p53 Gene Deletion;TP53 Gene Deletion
p53 Deletion;TP53 Gene Deletion
p53 Gene Deletion;TP53 Gene Deletion
MIR221;MIR221 Gene
MIR221 Gene;MIR221 Gene
MicroRNA 221 Gene;MIR221 Gene
MIR130B Pre-miRNA;MIR130B Pre-miRNA
FLC;Fibrolamellar Carcinoma
Fibrolamellar Carcinoma;Fibrolamellar Carcinoma
Fibrolamellar Carcinoma of Liver Cells;Fibrolamellar Carcinoma
Fibrolamellar Carcinoma of the Liver Cells;Fibrolamellar Carcinoma
Fibrolamellar Hepatocellular Carcinoma;Fibrolamellar Carcinoma
Hepatocellular Fibrolamellar Carcinoma;Fibrolamellar Carcinoma
Liver Cell Fibrolamellar Carcinoma;Fibrolamellar Carcinoma
Oncocytic Hepatocellular Tumor;Fibrolamellar Carcinoma
Polygonal Cell Type Hepatocellular Carcinoma with Fibrous Stroma;Fibrolamellar Carcinoma
MIR21;MIR21 Gene
MIR21 Gene;MIR21 Gene
MicroRNA 21 Gene;MIR21 Gene
MIR122 wt Allele;MIR122 wt Allele
MIRN122;MIR122 wt Allele
MIRN122A;MIR122 wt Allele
MicroRNA 122 wt Allele;MIR122 wt Allele
MicroRNA 122a;MIR122 wt Allele
hsa-mir-122;MIR122 wt Allele
hsa-mir-122a;MIR122 wt Allele
Hepatocellular Carcinoma by AJCC v7 Stage;Hepatocellular Carcinoma by AJCC v7 Stage
Hepatic Teratoma;Liver Teratoma
Liver Teratoma;Liver Teratoma
Stage IIIA Hepatocellular Carcinoma AJCC v8;Stage IIIA Hepatocellular Carcinoma AJCC v8
Stage IIIA Liver Cell Carcinoma AJCC v8;Stage IIIA Hepatocellular Carcinoma AJCC v8
Portal Cirrhosis;Portal Cirrhosis
DNAJB1-PRKACA Fusion Protein;DNAJB1/PRKACA Fusion Protein
DNAJB1/PRKACA Fusion Protein;DNAJB1/PRKACA Fusion Protein
DnaJ Homolog Subfamily B Member 1-cAMP-Dependent Protein Kinase Catalytic Subunit Alpha Fusion Protein;DNAJB1/PRKACA Fusion Protein
DnaJ Homolog Subfamily B Member 1/cAMP-Dependent Protein Kinase Catalytic Subunit Alpha Fusion Protein;DNAJB1/PRKACA Fusion Protein
HSP40-PKA C-alpha Fusion Protein;DNAJB1/PRKACA Fusion Protein
HSP40/PKA C-alpha Fusion Protein;DNAJB1/PRKACA Fusion Protein
Stage IVA Intrahepatic Cholangiocarcinoma;Stage IVA Intrahepatic Cholangiocarcinoma AJCC v7
Stage IVA Intrahepatic Cholangiocarcinoma (Bile Duct Cancer);Stage IVA Intrahepatic Cholangiocarcinoma AJCC v7
Stage IVA Intrahepatic Cholangiocarcinoma AJCC v7;Stage IVA Intrahepatic Cholangiocarcinoma AJCC v7
Carcinoma of Liver and Intrahepatic Biliary Tract;Combined Hepatocellular Carcinoma and Cholangiocarcinoma
Carcinoma of the Liver and Intrahepatic Biliary Tract;Combined Hepatocellular Carcinoma and Cholangiocarcinoma
Cholangiohepatoma;Combined Hepatocellular Carcinoma and Cholangiocarcinoma
Combined Hepatocellular Cancer and Cholangiocarcinoma (Bile Duct Cancer);Combined Hepatocellular Carcinoma and Cholangiocarcinoma
Combined Hepatocellular Carcinoma and Cholangiocarcinoma;Combined Hepatocellular Carcinoma and Cholangiocarcinoma
Hepatocholangiocarcinoma;Combined Hepatocellular Carcinoma and Cholangiocarcinoma
Mixed Hepatocellular Cholangiocarcinoma;Combined Hepatocellular Carcinoma and Cholangiocarcinoma
Stage IIIB Adult Liver Cancer AJCC v7;Stage IIIB Adult Liver Cancer AJCC v7
stage IIIB adult primary liver cancer;Stage IIIB Adult Liver Cancer AJCC v7
Benign Liver and Intrahepatic Bile Duct Epithelial Neoplasm;Benign Liver and Intrahepatic Bile Duct Epithelial Neoplasm
Liver Adenosquamous Cancer;Liver Adenosquamous Carcinoma
Liver Adenosquamous Carcinoma;Liver Adenosquamous Carcinoma
Hepatic Lipoma;Liver Lipoma
Lipoma of Liver;Liver Lipoma
Lipoma of the Liver;Liver Lipoma
Liver Lipoma;Liver Lipoma
MIR126 Pre-miRNA;MIR126 Pre-miRNA
Hepatitis C;Hepatitis C Infection
Hepatitis C Infection;Hepatitis C Infection
NANBH;Hepatitis C Infection
Non-A, Non-B Hepatitis;Hepatitis C Infection
hepatitis C;Hepatitis C Infection
Recurrent Intrahepatic Cholangiocarcinoma;Recurrent Intrahepatic Cholangiocarcinoma
MIR224;MIR224 Gene
MIR224 Gene;MIR224 Gene
MicroRNA 224 Gene;MIR224 Gene
Hepatic Diffuse Large B-Cell Lymphoma;Liver Diffuse Large B-Cell Lymphoma
Liver Diffuse Large B-Cell Lymphoma;Liver Diffuse Large B-Cell Lymphoma
Primary Hepatic Diffuse Large B-Cell Lymphoma;Liver Diffuse Large B-Cell Lymphoma
Primary Liver Diffuse Large B-Cell Lymphoma;Liver Diffuse Large B-Cell Lymphoma
Stage III Childhood Hepatocellular Carcinoma;Stage III Childhood Hepatocellular Carcinoma AJCC v7
Stage III Childhood Hepatocellular Carcinoma AJCC v7;Stage III Childhood Hepatocellular Carcinoma AJCC v7
Stage III Childhood Hepatoma;Stage III Childhood Hepatocellular Carcinoma AJCC v7
Stage III Childhood Liver Cell Carcinoma;Stage III Childhood Hepatocellular Carcinoma AJCC v7
Stage III Pediatric Hepatocellular Carcinoma;Stage III Childhood Hepatocellular Carcinoma AJCC v7
Stage III Pediatric Hepatoma;Stage III Childhood Hepatocellular Carcinoma AJCC v7
Stage III Pediatric Liver Cell Carcinoma;Stage III Childhood Hepatocellular Carcinoma AJCC v7
stage III childhood liver cancer;Stage III Childhood Hepatocellular Carcinoma AJCC v7
BCLC Stage B Hepatocellular Carcinoma;BCLC Stage B Hepatocellular Carcinoma
Barcelona Clinic Liver Cancer Stage B Hepatocellular Carcinoma;BCLC Stage B Hepatocellular Carcinoma
Unclassified Hepatocellular Adenoma;Unclassified Hepatocellular Adenoma
Adult Pleomorphic Hepatocellular Carcinoma;Adult Pleomorphic Hepatocellular Carcinoma
MIR200B;MIR200B Gene
MIR200B Gene;MIR200B Gene
MicroRNA 200b Gene;MIR200B Gene
Hepatic Synovial Sarcoma;Liver Synovial Sarcoma
Liver Synovial Sarcoma;Liver Synovial Sarcoma
MIR15A wt Allele;MIR15A wt Allele
MIRN15A;MIR15A wt Allele
MicroRNA 15a wt Allele;MIR15A wt Allele
hsa-mir-15a;MIR15A wt Allele
MIR130A Pre-miRNA;MIR130A Pre-miRNA
MIR15A;MIR15A Gene
MIR15A Gene;MIR15A Gene
MicroRNA 151 Gene;MIR15A Gene
Epithelial Hepatic and Intrahepatic Bile Duct Neoplasm;Liver and Intrahepatic Bile Duct Epithelial Neoplasm
Liver and Intrahepatic Bile Duct Epithelial Neoplasm;Liver and Intrahepatic Bile Duct Epithelial Neoplasm
MIR1-1 Pre-miRNA;MIR1-1 Pre-miRNA
PERIPHERAL CHOLANGIOCARCINOMA, MALIGNANT;Peripheral Intrahepatic Cholangiocarcinoma
Peripheral Cholangiocarcinoma;Peripheral Intrahepatic Cholangiocarcinoma
Peripheral ICC;Peripheral Intrahepatic Cholangiocarcinoma
Peripheral Intrahepatic Cholangiocarcinoma;Peripheral Intrahepatic Cholangiocarcinoma
MIR19B2;MIR19B2 Gene
MIR19B2 Gene;MIR19B2 Gene
MicroRNA 19b-2 Gene;MIR19B2 Gene
MIR9-2;MIR9-2 Gene
MIR9-2 Gene;MIR9-2 Gene
MicroRNA 9-2 Gene;MIR9-2 Gene
Hepatocellular Carcinoma by AJCC v6 Stage;Hepatocellular Carcinoma by AJCC v6 Stage
IGF2R Gene Inactivation;IGF2R Gene Inactivation
IGF2R Tumor-Suppressor Gene Inactivation;IGF2R Gene Inactivation
MIR26A1 wt Allele;MIR26A1 wt Allele
MIRN26A1;MIR26A1 wt Allele
MicroRNA 26a-1 wt Allele;MIR26A1 wt Allele
hsa-mir-26a-1;MIR26A1 wt Allele
Rectal Carcinoma Metastatic in the Liver;Rectal Carcinoma Metastatic in the Liver
Hepatoblastoma, Nonresectable;Non-Resectable Hepatoblastoma
Non-Resectable Hepatoblastoma;Non-Resectable Hepatoblastoma
Unresectable Hepatoblastoma;Non-Resectable Hepatoblastoma
Intrahepatic Bile Duct Papillary Neoplasm;Intrahepatic Bile Duct Papillary Neoplasm
Intrahepatic Bile Duct Papillomatosis;Intrahepatic Bile Duct Papillary Neoplasm
Intrahepatic Biliary Papillomatosis;Intrahepatic Bile Duct Papillary Neoplasm
Hepatic Rhabdomyosarcoma;Liver Rhabdomyosarcoma
Liver Rhabdomyosarcoma;Liver Rhabdomyosarcoma
Rhabdomyosarcoma of Liver;Liver Rhabdomyosarcoma
Rhabdomyosarcoma of the Liver;Liver Rhabdomyosarcoma
MIR130B;MIR130B Gene
MIR130B Gene;MIR130B Gene
MicroRNA 130b Gene;MIR130B Gene
Hepatic Extraskeletal Osteosarcoma;Liver Extraskeletal Osteosarcoma
Hepatic Osteogenic Sarcoma;Liver Extraskeletal Osteosarcoma
Hepatic Osteosarcoma;Liver Extraskeletal Osteosarcoma
Liver Extraskeletal Osteosarcoma;Liver Extraskeletal Osteosarcoma
Liver Osteogenic Sarcoma;Liver Extraskeletal Osteosarcoma
Liver Osteosarcoma;Liver Extraskeletal Osteosarcoma
Osteogenic Sarcoma of Liver;Liver Extraskeletal Osteosarcoma
Osteogenic Sarcoma of the Liver;Liver Extraskeletal Osteosarcoma
Osteosarcoma of Liver;Liver Extraskeletal Osteosarcoma
Osteosarcoma of the Liver;Liver Extraskeletal Osteosarcoma
MIR26A1 Pre-miRNA;MIR26A1 Pre-miRNA
Liver Lymphangioma;Liver Lymphangioma
Hepatocellular Small Cell Change;Hepatocellular Small Cell Change
Small Cell Dysplasia;Hepatocellular Small Cell Change
Stage IIIA Intrahepatic Cholangiocarcinoma AJCC v8;Stage IIIA Intrahepatic Cholangiocarcinoma AJCC v8
Hepatic MALToma;Liver Mucosa-Associated Lymphoid Tissue Lymphoma
Hepatic Mucosa-Associated Lymphoid Tissue Lymphoma;Liver Mucosa-Associated Lymphoid Tissue Lymphoma
Liver MALToma;Liver Mucosa-Associated Lymphoid Tissue Lymphoma
Liver Mucosa-Associated Lymphoid Tissue Lymphoma;Liver Mucosa-Associated Lymphoid Tissue Lymphoma
MALT Hepatic Lymphoma;Liver Mucosa-Associated Lymphoid Tissue Lymphoma
MALT Liver Lymphoma;Liver Mucosa-Associated Lymphoid Tissue Lymphoma
MALT Lymphoma of Liver;Liver Mucosa-Associated Lymphoid Tissue Lymphoma
MALT Lymphoma of the Liver;Liver Mucosa-Associated Lymphoid Tissue Lymphoma
MALToma of Liver;Liver Mucosa-Associated Lymphoid Tissue Lymphoma
MALToma of the Liver;Liver Mucosa-Associated Lymphoid Tissue Lymphoma
Mucosa-Associated Lymphoid Tissue Liver Lymphoma;Liver Mucosa-Associated Lymphoid Tissue Lymphoma
Mucosa-Associated Lymphoid Tissue Lymphoma of Liver;Liver Mucosa-Associated Lymphoid Tissue Lymphoma
Mucosa-Associated Lymphoid Tissue Lymphoma of the Liver;Liver Mucosa-Associated Lymphoid Tissue Lymphoma
MIR9-1 Pre-miRNA;MIR9-1 Pre-miRNA
Hepatocellular Carcinoma by AJCC v8 Stage;Hepatocellular Carcinoma by AJCC v8 Stage
Liver Cell Carcinoma by AJCC v8 Stage;Hepatocellular Carcinoma by AJCC v8 Stage
Stage IV Childhood Hepatocellular Carcinoma;Stage IV Childhood Hepatocellular Carcinoma AJCC v7
Stage IV Childhood Hepatocellular Carcinoma AJCC v7;Stage IV Childhood Hepatocellular Carcinoma AJCC v7
Stage IV Childhood Hepatoma;Stage IV Childhood Hepatocellular Carcinoma AJCC v7
Stage IV Childhood Liver Cell Carcinoma;Stage IV Childhood Hepatocellular Carcinoma AJCC v7
Stage IV Pediatric Hepatocellular Carcinoma;Stage IV Childhood Hepatocellular Carcinoma AJCC v7
Stage IV Pediatric Hepatoma;Stage IV Childhood Hepatocellular Carcinoma AJCC v7
Stage IV Pediatric Liver Cell Carcinoma;Stage IV Childhood Hepatocellular Carcinoma AJCC v7
stage IV childhood liver cancer;Stage IV Childhood Hepatocellular Carcinoma AJCC v7
Pleomorphic Hepatocellular Cancer;Pleomorphic Hepatocellular Carcinoma
Pleomorphic Hepatocellular Carcinoma;Pleomorphic Hepatocellular Carcinoma
MIR25;MIR25 Gene
MIR25 Gene;MIR25 Gene
MicroRNA 25 Gene;MIR25 Gene
PDGFRL wt Allele;PDGFRL wt Allele
PDGRL;PDGFRL wt Allele
PRLTS;PDGFRL wt Allele
Platelet-Derived Growth Factor Receptor-Like wt Allele;PDGFRL wt Allele
Postsurgical Stage I Hepatoblastoma;Postsurgical Stage I Hepatoblastoma
Stage I Hepatoblastoma;Postsurgical Stage I Hepatoblastoma
MIR21 Pre-miRNA;MIR21 Pre-miRNA
Lung Carcinoma Metastatic in the Liver;Lung Carcinoma Metastatic in the Liver
Lung Carcinoma Metastatic to the Liver;Lung Carcinoma Metastatic in the Liver
Doxorubicin-Cisplatin Regimen;Doxorubicin-Cisplatin Regimen
LGDN;Low Grade Liver Dysplastic Nodule
Low Grade Hepatic Dysplastic Nodule;Low Grade Liver Dysplastic Nodule
Low Grade Liver Dysplastic Nodule;Low Grade Liver Dysplastic Nodule
Undifferentiated Liver Cancer;Undifferentiated Liver Carcinoma
Undifferentiated Liver Carcinoma;Undifferentiated Liver Carcinoma
Undifferentiated Primary Liver Carcinoma;Undifferentiated Liver Carcinoma
NASH;Nonalcoholic Steatohepatitis
NASH - Nonalcoholic Steatohepatitis;Nonalcoholic Steatohepatitis
Nonalcoholic Steatohepatitis;Nonalcoholic Steatohepatitis
CDKN3;CDKN3 Gene
CDKN3 Gene;CDKN3 Gene
Cyclin-Dependent Kinase Inhibitor 3 (CDK2-Associated Dual Specificity Phosphatase) Gene;CDKN3 Gene
MIR101-1;MIR101-1 Gene
MIR101-1 Gene;MIR101-1 Gene
MicroRNA 101-1 Gene;MIR101-1 Gene
Recurrent Adult Liver Cancer;Recurrent Adult Liver Carcinoma
Recurrent Adult Liver Carcinoma;Recurrent Adult Liver Carcinoma
Recurrent Adult Primary Cancer of Liver;Recurrent Adult Liver Carcinoma
Recurrent Adult Primary Cancer of the Liver;Recurrent Adult Liver Carcinoma
Recurrent Adult Primary Liver Cancer;Recurrent Adult Liver Carcinoma
Recurrent Liver Cancer;Recurrent Liver Carcinoma
Relapsed Adult Liver Cancer;Recurrent Adult Liver Carcinoma
Relapsed Adult Primary Cancer of Liver;Recurrent Adult Liver Carcinoma
Relapsed Adult Primary Cancer of the Liver;Recurrent Adult Liver Carcinoma
Relapsed Adult Primary Liver Cancer;Recurrent Adult Liver Carcinoma
MIR26A2 wt Allele;MIR26A2 wt Allele
MIRN26A2;MIR26A2 wt Allele
MicroRNA 26 wt Allele;MIR26A2 wt Allele
hsa-mir-26a-2;MIR26A2 wt Allele
MIR221 wt Allele;MIR221 wt Allele
MIRN221;MIR221 wt Allele
Micro RNA 221 Gene;MIR221 wt Allele
MicroRNA 221 wt Allele;MIR221 wt Allele
hsa-mir-221;MIR221 wt Allele
miRNA221;MIR221 wt Allele
mir-221;MIR221 wt Allele
Chronic Liver Disease;Chronic Liver Disease
Transplant-Related Hepatocellular Cancer;Transplant-Related Hepatocellular Carcinoma
Transplant-Related Hepatocellular Carcinoma;Transplant-Related Hepatocellular Carcinoma
Stage IB Intrahepatic Cholangiocarcinoma AJCC v8;Stage IB Intrahepatic Cholangiocarcinoma AJCC v8
Hepatoblastoma, Resectable;Resectable Hepatoblastoma
Resectable Hepatoblastoma;Resectable Hepatoblastoma
Hepatic Non-Hodgkin Lymphoma;Liver Non-Hodgkin Lymphoma
Hepatic Non-Hodgkin's Lymphoma;Liver Non-Hodgkin Lymphoma
Liver Non-Hodgkin Lymphoma;Liver Non-Hodgkin Lymphoma
Non-Hodgkin's Liver Lymphoma;Liver Non-Hodgkin Lymphoma
Non-Hodgkin's Lymphoma of Liver;Liver Non-Hodgkin Lymphoma
Non-Hodgkin's Lymphoma of the Liver;Liver Non-Hodgkin Lymphoma
Primary Hepatic Non-Hodgkin's Lymphoma;Liver Non-Hodgkin Lymphoma
Primary Liver Non-Hodgkin Lymphoma;Liver Non-Hodgkin Lymphoma
Stage IVB Liver Cancer;Stage IVB Liver Cancer
Stage IVB Liver Carcinoma;Stage IVB Liver Cancer
MIR224 Pre-miRNA;MIR224 Pre-miRNA
Inactivation of p53 Tumor-Suppressor Gene;TP53 Gene Inactivation
P53 Tumor-Suppressor Gene Inactivation;TP53 Gene Inactivation
TP53 Gene Inactivation;TP53 Gene Inactivation
TP53 Tumor-Suppressor Gene Inactivation;TP53 Gene Inactivation
Stage I Liver Cancer;Stage I Adult Liver Cancer AJCC v7
Stage I Liver Carcinoma;Stage I Liver Cancer
MIR9-3;MIR9-3 Gene
MIR9-3 Gene;MIR9-3 Gene
MicroRNA 9-3 Gene;MIR9-3 Gene
Beta-Catenin-Activated Hepatocellular Adenoma;Beta-Catenin-Activated Hepatocellular Adenoma
MIR18 wt Allele;MIR18A wt Allele
MIR18A wt Allele;MIR18A wt Allele
MIRN18;MIR18A wt Allele
MIRN18A;MIR18A wt Allele
MicroRNA 18;MIR18A wt Allele
hsa-miR-18;MIR18A wt Allele
hsa-miR-18a;MIR18A wt Allele
MIR16-2 Pre-miRNA;MIR16-2 Pre-miRNA
MIR19B2 wt Allele;MIR19B2 wt Allele
MIRN19B2;MIR19B2 wt Allele
MicroRNA 19b-2 wt Allele;MIR19B2 wt Allele
hsa-mir-19b-2;MIR19B2 wt Allele
HPR;Haptoglobin-Related Protein
Haptoglobin-Related Protein;Haptoglobin-Related Protein
Hepatic Infection;Hepatic Infection
Hepatic infection;Hepatic Infection
Stage I Intrahepatic Cholangiocarcinoma (Bile Duct Cancer);Stage I Intrahepatic Cholangiocarcinoma AJCC v7
Stage I Intrahepatic Cholangiocarcinoma AJCC v7;Stage I Intrahepatic Cholangiocarcinoma AJCC v7
HNF1A Gene Mutation;HNF1A Gene Mutation
Breast Carcinoma Metastatic in the Liver;Breast Carcinoma Metastatic in the Liver
Breast Carcinoma Metastatic to the Liver;Breast Carcinoma Metastatic in the Liver
Hepatic and Intrahepatic Bile Duct Neoplasm;Liver and Intrahepatic Bile Duct Neoplasm
Liver and Intrahepatic Bile Duct Neoplasm;Liver and Intrahepatic Bile Duct Neoplasm
Stage III Hepatocellular Carcinoma AJCC v8;Stage III Hepatocellular Carcinoma AJCC v8
Stage III Liver Cell Carcinoma AJCC v8;Stage III Hepatocellular Carcinoma AJCC v8
Metastatic Carcinoma in the Liver;Metastatic Carcinoma in the Liver
Metastatic Carcinoma to the Liver;Metastatic Carcinoma in the Liver
MIR146A wt Allele;MIR146A wt Allele
MIRN146;MIR146A wt Allele
MicroRNA 146 wt Allele;MIR146A wt Allele
hsa-mir-146;MIR146A wt Allele
TP53 Gene Mutation;TP53 Gene Mutation
p53 Mutation;TP53 Gene Mutation
MIR21 wt Allele;MIR21 wt Allele
MIRN21;MIR21 wt Allele
MicroRNA 21 wt Allele;MIR21 wt Allele
hsa-mir-21;MIR21 wt Allele
Stage IA Hepatocellular Carcinoma AJCC v8;Stage IA Hepatocellular Carcinoma AJCC v8
Stage IA Liver Cell Carcinoma AJCC v8;Stage IA Hepatocellular Carcinoma AJCC v8
MIR27A wt Allele;MIR27A wt Allele
MIRN27A;MIR27A wt Allele
MicroRNA 27a wt Allele;MIR27A wt Allele
hsa-mir-27a;MIR27A wt Allele
Clear Cell Carcinoma of Liver Cells;Clear Cell Hepatocellular Carcinoma
Clear Cell Carcinoma of the Liver Cells;Clear Cell Hepatocellular Carcinoma
Clear Cell Hepatocellular Cancer;Clear Cell Hepatocellular Carcinoma
Clear Cell Hepatocellular Carcinoma;Clear Cell Hepatocellular Carcinoma
Hepatocellular Clear Cell Carcinoma;Clear Cell Hepatocellular Carcinoma
Liver Cell Clear Cell Carcinoma;Clear Cell Hepatocellular Carcinoma
BCLC Stage 0 Adult Hepatocellular Carcinoma;BCLC Stage 0 Adult Hepatocellular Carcinoma
BCLC Stage 0 Hepatocellular Cancer;BCLC Stage 0 Hepatocellular Carcinoma
Barcelona Clinic Liver Cancer Stage 0 Adult Hepatocellular Carcinoma;BCLC Stage 0 Adult Hepatocellular Carcinoma
CRH;CRH Gene
CRH Gene;CRH Gene
Corticotropin Releasing Hormone Gene;CRH Gene
Stage 0 Intrahepatic Bile Duct Cancer AJCC v8;Stage 0 Intrahepatic Bile Duct Cancer AJCC v8
Stage 0 Intrahepatic Bile Duct Carcinoma AJCC v8;Stage 0 Intrahepatic Bile Duct Cancer AJCC v8
TP53 Codon 72 Polymorphism;TP53*1 Allele
TP53 P72A;TP53*1 Allele
TP53 c.215C>G;TP53*1 Allele
TP53 p.Pro72Arg;TP53*1 Allele
TP53*1 Allele;TP53*1 Allele
Tumor Protein p53*1 Allele;TP53*1 Allele
Benign Non-Epithelial Hepatic Neoplasm;Liver and Intrahepatic Bile Duct Benign Non-Epithelial Neoplasm
Benign Non-Epithelial Hepatic and Intrahepatic Bile Duct Neoplasm;Liver and Intrahepatic Bile Duct Benign Non-Epithelial Neoplasm
Benign Non-Epithelial Liver Neoplasm;Liver and Intrahepatic Bile Duct Benign Non-Epithelial Neoplasm
Benign Non-Epithelial Liver and Intrahepatic Bile Duct Neoplasm;Liver and Intrahepatic Bile Duct Benign Non-Epithelial Neoplasm
Liver and Intrahepatic Bile Duct Benign Non-Epithelial Neoplasm;Liver and Intrahepatic Bile Duct Benign Non-Epithelial Neoplasm
Congenital Hepatic Fibrosis;Congenital Hepatic Fibrosis
FNH;Focal Nodular Hyperplasia of the Liver
Focal Nodular Hyperplasia of Liver;Focal Nodular Hyperplasia of the Liver
Focal Nodular Hyperplasia of the Liver;Focal Nodular Hyperplasia of the Liver
Liver Metastases;Metastatic Malignant Neoplasm in the Liver
Liver Metastasis;Metastatic Malignant Neoplasm in the Liver
Metastases to liver, NOS;Metastatic Malignant Neoplasm in the Liver
Metastatic Malignant Neoplasm in the Liver;Metastatic Malignant Neoplasm in the Liver
Metastatic Malignant Neoplasm to the Liver;Metastatic Malignant Neoplasm in the Liver
Metastatic Neoplasm to the Liver;Metastatic Malignant Neoplasm in the Liver
Metastatic Tumor to the Liver;Metastatic Malignant Neoplasm in the Liver
liver metastasis;Metastatic Malignant Neoplasm in the Liver
Stage I Adult Liver Cancer AJCC v7;Stage I Adult Liver Cancer AJCC v7
stage I adult primary liver cancer;Stage I Adult Liver Cancer AJCC v7
MIR125B1 Pre-miRNA;MIR125B1 Pre-miRNA
CLC;Cholangiolocellular Carcinoma
Cholangiolocellular Carcinoma;Cholangiolocellular Carcinoma
Hepatocellular Large Cell Change;Hepatocellular Large Cell Change
Large Cell Dysplasia;Hepatocellular Large Cell Change
MIR9-3 wt Allele;MIR9-3 wt Allele
MIRN9-3;MIR9-3 wt Allele
MicroRNA 9-3 wt Allele;MIR9-3 wt Allele
hsa-mir-9-3;MIR9-3 wt Allele
Stage I Hepatocellular Carcinoma AJCC v8;Stage I Hepatocellular Carcinoma AJCC v8
Stage I Liver Cell Carcinoma AJCC v8;Stage I Hepatocellular Carcinoma AJCC v8
Stage IB Intrahepatic Bile Duct Cancer AJCC v8;Stage IB Intrahepatic Bile Duct Cancer AJCC v8
Stage IB Intrahepatic Bile Duct Carcinoma AJCC v8;Stage IB Intrahepatic Bile Duct Cancer AJCC v8
Hepatoblastoma, Recurrent;Recurrent Hepatoblastoma
Recurrent Hepatoblastoma;Recurrent Hepatoblastoma
Relapsed Hepatoblastoma;Recurrent Hepatoblastoma
Moderately Differentiated Hepatocellular Cancer;Moderately Differentiated Hepatocellular Carcinoma
Moderately Differentiated Hepatocellular Carcinoma;Moderately Differentiated Hepatocellular Carcinoma
Hepatosplenic Gamma/Delta T-Cell Lymphoma;Hepatosplenic T-Cell Lymphoma
Hepatosplenic T-Cell Lymphoma;Hepatosplenic T-Cell Lymphoma
MIR92A1 wt Allele;MIR92A1 wt Allele
MIRN92-1;MIR92A1 wt Allele
MIRN92A1;MIR92A1 wt Allele
MicroRNA 92-1;MIR92A1 wt Allele
MicroRNA 92a-1 wt Allele;MIR92A1 wt Allele
hsa-mir-92-1 MIR92A1;MIR92A1 wt Allele
hsa-mir-92a-1;MIR92A1 wt Allele
Localized Non-Resectable Adult Liver Cancer;Localized Non-Resectable Adult Liver Carcinoma
Localized Non-Resectable Adult Liver Carcinoma;Localized Non-Resectable Adult Liver Carcinoma
Localized Unresectable Adult Liver Carcinoma;Localized Non-Resectable Adult Liver Carcinoma
Localized Unresectable Adult Primary Cancer of Liver;Localized Non-Resectable Adult Liver Carcinoma
Localized Unresectable Adult Primary Cancer of the Liver;Localized Non-Resectable Adult Liver Carcinoma
Localized Unresectable Adult Primary Liver Cancer;Localized Non-Resectable Adult Liver Carcinoma
Inflammatory Hepatocellular Adenoma;Inflammatory Hepatocellular Adenoma
Telangiectatic Adenoma;Inflammatory Hepatocellular Adenoma
Telangiectatic Hepatocellular Adenoma;Inflammatory Hepatocellular Adenoma
MIR20A Pre-miRNA;MIR20A Pre-miRNA
Mixed Hepatoblastoma with Teratoid Features;Mixed Hepatoblastoma with Teratoid Features
DN;Liver Dysplastic Nodule
Dysplastic Nodule of Liver;Liver Dysplastic Nodule
Dysplastic Nodule of the Liver;Liver Dysplastic Nodule
Hepatic DN;Liver Dysplastic Nodule
Hepatic Dysplastic Nodule;Liver Dysplastic Nodule
Liver Dysplastic Nodule;Liver Dysplastic Nodule
MIR106B wt Allele;MIR106B wt Allele
MIRN106B;MIR106B wt Allele
MicroRNA 106b wt Allele;MIR106B wt Allele
hsa-mir-106b;MIR106B wt Allele
Mixed Epithelial and Mesenchymal Hepatoblastoma;Mixed Epithelial and Mesenchymal Hepatoblastoma
Stage II Liver Carcinoma;Stage II Liver Cancer
BCLC Stage 0 Hepatocellular Carcinoma;BCLC Stage 0 Hepatocellular Carcinoma
Barcelona Clinic Liver Cancer Stage 0 Hepatocellular Carcinoma;BCLC Stage 0 Hepatocellular Carcinoma
Hepatic Carcinosarcoma;Liver Carcinosarcoma
Liver Carcinosarcoma;Liver Carcinosarcoma
Hepatic Vascular Disorder;Liver Vascular Disorder
Liver Vascular Disorder;Liver Vascular Disorder
MIR92A1;MIR92A1 Gene
MIR92A1 Gene;MIR92A1 Gene
MicroRNA 92a-1 Gene;MIR92A1 Gene
Hepatic Inflammatory Myofibroblastic Tumor;Liver Inflammatory Myofibroblastic Tumor
Inflammatory Pseudotumor of Liver;Liver Inflammatory Myofibroblastic Tumor
Inflammatory Pseudotumor of the Liver;Liver Inflammatory Myofibroblastic Tumor
Liver Inflammatory Myofibroblastic Tumor;Liver Inflammatory Myofibroblastic Tumor
Liver Inflammatory Pseudotumor;Liver Inflammatory Myofibroblastic Tumor
B23 Nuclear Matrix Protein;Nucleophosmin
NPM1;Nucleophosmin
Nucleolar Phosphoprotein B23;Nucleophosmin
Nucleophosmin;Nucleophosmin
Numatrin;Nucleophosmin
Stage IVA Hepatocellular Carcinoma AJCC v8;Stage IVA Hepatocellular Carcinoma AJCC v8
Stage IVA Liver Cell Carcinoma AJCC v8;Stage IVA Hepatocellular Carcinoma AJCC v8
MIR9-2 Pre-miRNA;MIR9-2 Pre-miRNA
MIR200B Pre-miRNA;MIR200B Pre-miRNA
Chronic Non-Suppurative Destructive Cholangitis;Primary Biliary Cirrhosis
Primary Bilary Cirrhosis (PBC);Primary Biliary Cirrhosis
Primary Biliary Cirrhosis;Primary Biliary Cirrhosis
MIR26A2 Pre-miRNA;MIR26A2 Pre-miRNA
Recurrent Cancer of Liver;Recurrent Liver Carcinoma
Recurrent Cancer of the Liver;Recurrent Liver Carcinoma
Recurrent Hepatic Cancer;Recurrent Liver Carcinoma
Recurrent Liver Carcinoma;Recurrent Childhood Liver Cancer
Relapsed Cancer of Liver;Recurrent Liver Carcinoma
Relapsed Cancer of the Liver;Recurrent Liver Carcinoma
Relapsed Hepatic Cancer;Recurrent Liver Carcinoma
Relapsed Liver Cancer;Recurrent Liver Carcinoma
Stage IV Hepatocellular Carcinoma AJCC v8;Stage IV Hepatocellular Carcinoma AJCC v8
Stage IV Liver Cell Carcinoma AJCC v8;Stage IV Hepatocellular Carcinoma AJCC v8
Non-Disruptive TP53 Mutation;Non-Disruptive TP53 Mutation
ADENOMA, HEPATOCELLULAR, BENIGN;Hepatocellular Adenoma
Adenoma of Liver Cells;Hepatocellular Adenoma
Adenoma of the Liver Cells;Hepatocellular Adenoma
HCA;Hepatocellular Adenoma
Hepatocellular Adenoma;Hepatocellular Adenoma
Liver Cell Adenoma;Hepatocellular Adenoma
Intrahepatic Bile Duct Papillary Neoplasm with an Associated Invasive Carcinoma;Intrahepatic Bile Duct Papillary Neoplasm with an Associated Invasive Carcinoma
MIR130B wt Allele;MIR130B wt Allele
MIRN130B;MIR130B wt Allele
hsa-mir-130b;MIR130B wt Allele
MIR92A2 Pre-miRNA;MIR92A2 Pre-miRNA
Stage IVB Intrahepatic Cholangiocarcinoma;Stage IVB Intrahepatic Cholangiocarcinoma AJCC v7
Stage IVB Intrahepatic Cholangiocarcinoma (Bile Duct Cancer);Stage IVB Intrahepatic Cholangiocarcinoma AJCC v7
Stage IVB Intrahepatic Cholangiocarcinoma AJCC v7;Stage IVB Intrahepatic Cholangiocarcinoma AJCC v7
MIR101-1 Pre-miRNA;MIR101-1 Pre-miRNA
Mitochondrial Hepatopathy;Mitochondrial Hepatopathy
Colon Carcinoma Metastatic in the Liver;Colon Carcinoma Metastatic in the Liver
Colon Carcinoma Metastatic to the Liver;Colon Carcinoma Metastatic in the Liver
Alcoholic Liver Disease;Alcoholic Liver Disease
MIR92A2;MIR92A2 Gene
MIR92A2 Gene;MIR92A2 Gene
MicroRNA 92a-2 Gene;MIR92A2 Gene
Stage IIIC Hepatocellular Cancer;Stage IIIC Hepatocellular Carcinoma AJCC v7
Stage IIIC Hepatocellular Carcinoma;Stage IIIC Hepatocellular Carcinoma AJCC v7
Stage IIIC Hepatocellular Carcinoma AJCC v7;Stage IIIC Hepatocellular Carcinoma AJCC v7
stage IIIC adult primary liver cancer;Stage IIIC Hepatocellular Carcinoma AJCC v7
Hepatocellular Cancer Stage III AJCC v6;Stage III Hepatocellular Carcinoma AJCC v6
Liver Cell Cancer Stage III AJCC v6;Stage III Hepatocellular Carcinoma AJCC v6
Stage III Carcinoma of Liver Cells AJCC v6;Stage III Hepatocellular Carcinoma AJCC v6
Stage III Carcinoma of the Liver Cells AJCC v6;Stage III Hepatocellular Carcinoma AJCC v6
Stage III Hepatocellular Cancer AJCC v6;Stage III Hepatocellular Carcinoma AJCC v6
Stage III Hepatocellular Carcinoma AJCC v6;Stage III Hepatocellular Carcinoma AJCC v6
Stage III Liver Cell Cancer AJCC v6;Stage III Hepatocellular Carcinoma AJCC v6
Postsurgical Stage II Hepatoblastoma;Postsurgical Stage II Hepatoblastoma
Stage II Hepatoblastoma;Postsurgical Stage II Hepatoblastoma
Recurrent Childhood Cancer of Liver;Recurrent Childhood Liver Cancer
Recurrent Childhood Cancer of the Liver;Recurrent Childhood Liver Cancer
Recurrent Childhood Liver Cancer;Recurrent Childhood Liver Cancer
Recurrent Pediatric Cancer of Liver;Recurrent Childhood Liver Cancer
Recurrent Pediatric Cancer of the Liver;Recurrent Childhood Liver Cancer
Recurrent Pediatric Liver Cancer;Recurrent Childhood Liver Cancer
Relapsed Childhood Cancer of Liver;Recurrent Childhood Liver Cancer
Relapsed Childhood Cancer of the Liver;Recurrent Childhood Liver Cancer
Relapsed Childhood Liver Cancer;Recurrent Childhood Liver Cancer
Relapsed Pediatric Cancer of Liver;Recurrent Childhood Liver Cancer
Relapsed Pediatric Cancer of the Liver;Recurrent Childhood Liver Cancer
Relapsed Pediatric Liver Cancer;Recurrent Childhood Liver Cancer
Liver Lymphangiomatosis;Liver Lymphangiomatosis
MIR106B;MIR106B Gene
MIR106B Gene;MIR106B Gene
MicroRNA 106b Gene;MIR106B Gene
Stage IV Hepatocellular Carcinoma;Stage IV Hepatocellular Carcinoma AJCC v7
Stage IV Hepatocellular Carcinoma AJCC v7;Stage IV Hepatocellular Carcinoma AJCC v7
Acute Alcoholic Hepatitis;Acute Alcoholic Hepatitis
Signet Ring Cell Intrahepatic Cholangiocarcinoma;Signet Ring Cell Intrahepatic Cholangiocarcinoma
Liver Cavernous Hemangioma;Liver Cavernous Hemangioma
MIR223 Pre-miRNA;MIR223 Pre-miRNA
Stage 0 Intrahepatic Cholangiocarcinoma AJCC v8;Stage 0 Intrahepatic Cholangiocarcinoma AJCC v8
Resectable Hepatic Malignant Neoplasm;Resectable Malignant Liver Neoplasm
Resectable Malignant Neoplasm of Liver;Resectable Malignant Liver Neoplasm
Stage IV Liver Carcinoma;Stage IV Liver Cancer
Stage I Intrahepatic Cholangiocarcinoma AJCC v8;Stage I Intrahepatic Cholangiocarcinoma AJCC v8
MIR16-1;MIR16-1 Gene
MIR16-1 Gene;MIR16-1 Gene
MicroRNA 16-1 Gene;MIR16-1 Gene
CTNNB1;CTNNB1 Gene
CTNNB1 Gene;CTNNB1 Gene
Catenin Beta 1 Gene;CTNNB1 Gene
MIR24-2 Pre-miRNA;MIR24-2 Pre-miRNA
MIR9-2 wt Allele;MIR9-2 wt Allele
MIRN9-2;MIR9-2 wt Allele
MicroRNA 9-2 wt Allele;MIR9-2 wt Allele
hsa-mir-9-2;MIR9-2 wt Allele
MIR1-1 wt Allele;MIR1-1 wt Allele
MIRN1-1;MIR1-1 wt Allele
MicroRNA 1-1;MIR1-1 wt Allele
hsa-miR-1;MIR1-1 wt Allele
MIR19A wt Allele;MIR19A wt Allele
MIRN19A;MIR19A wt Allele
MicroRNA 19a wt Allele;MIR19A wt Allele
hsa-miR-19a;MIR19A wt Allele
Perihilar Bile Duct Carcinoma;Perihilar Intrahepatic Cholangiocarcinoma
Perihilar ICC;Perihilar Intrahepatic Cholangiocarcinoma
Perihilar Intrahepatic Cholangiocarcinoma;Perihilar Intrahepatic Cholangiocarcinoma
Intrahepatic Bile Duct Cystadenocarcinoma;Intrahepatic Bile Duct Mucinous Cystic Neoplasm with an Associated Invasive Carcinoma
Intrahepatic Bile Duct Mucinous Cystic Neoplasm with an Associated Invasive Cancer;Intrahepatic Bile Duct Mucinous Cystic Neoplasm with an Associated Invasive Carcinoma
Intrahepatic Bile Duct Mucinous Cystic Neoplasm with an Associated Invasive Carcinoma;Intrahepatic Bile Duct Mucinous Cystic Neoplasm with an Associated Invasive Carcinoma
Stage IIIB Intrahepatic Bile Duct Cancer AJCC v8;Stage IIIB Intrahepatic Bile Duct Cancer AJCC v8
Stage IIIB Intrahepatic Bile Duct Carcinoma AJCC v8;Stage IIIB Intrahepatic Bile Duct Cancer AJCC v8
MIR24-1 wt Allele;MIR24-1 wt Allele
MIRN24-1;MIR24-1 wt Allele
MicroRNA 24-1 wt Allele;MIR24-1 wt Allele
hsa-mir-24-1;MIR24-1 wt Allele
Stage IIIC Adult Liver Cancer AJCC v7;Stage IIIC Adult Liver Cancer AJCC v7
Early Hepatocellular Cancer;Early Hepatocellular Carcinoma
Early Hepatocellular Carcinoma;Early Hepatocellular Carcinoma
Hepatitis;Hepatitis
hepatitis;Hepatitis
Primary Malignant Neoplasm of Liver;Primary Malignant Liver Neoplasm
Scirrhous Hepatocellular Cancer;Scirrhous Hepatocellular Carcinoma
Scirrhous Hepatocellular Carcinoma;Scirrhous Hepatocellular Carcinoma
Sclerosing Hepatic Carcinoma;Scirrhous Hepatocellular Carcinoma
Sclerosing Hepatocellular Carcinoma;Scirrhous Hepatocellular Carcinoma
Hepatitis A;Hepatitis A Infection
Hepatitis A Infection;Hepatitis A Infection
MIR9;MicroRNA 9
MIRN9;MicroRNA 9
MicroRNA 9;MicroRNA 9
hsa-miR-9-5p;MicroRNA 9
hsa-mir-9;MicroRNA 9
miR-9;MicroRNA 9
miRNA 9;MicroRNA 9
miRNA-9;MicroRNA 9
miRNA9;MicroRNA 9
MIRLET7A1 Pre-miRNA;MIRLET7A1 Pre-miRNA
MIR125B1 wt Allele;MIR125B1 wt Allele
MIRN125B1;MIR125B1 wt Allele
MicroRNA 125b-1 wt Allele;MIR125B1 wt Allele
hsa-miR-125b-1;MIR125B1 wt Allele
Stage IB Hepatocellular Carcinoma AJCC v8;Stage IB Hepatocellular Carcinoma AJCC v8
Stage IB Liver Cell Carcinoma AJCC v8;Stage IB Hepatocellular Carcinoma AJCC v8
Liver and Intrahepatic Bile Duct Malignant Non-Epithelial Neoplasm;Liver and Intrahepatic Bile Duct Malignant Non-Epithelial Neoplasm
Malignant Non-Epithelial Hepatic and Intrahepatic Bile Duct Neoplasm;Liver and Intrahepatic Bile Duct Malignant Non-Epithelial Neoplasm
MIR122;MIR122 Gene
MIR122 Gene;MIR122 Gene
MicroRNA 122 Gene;MIR122 Gene
PRETEXT Stage 2 Hepatoblastoma;PRETEXT Stage 2 Hepatoblastoma
Stage 2 Hepatoblastoma;PRETEXT Stage 2 Hepatoblastoma
Stage IIIA Intrahepatic Bile Duct Cancer AJCC v8;Stage IIIA Intrahepatic Bile Duct Cancer AJCC v8
Stage IIIA Intrahepatic Bile Duct Carcinoma AJCC v8;Stage IIIA Intrahepatic Bile Duct Cancer AJCC v8
MIR24-2;MIR24-2 Gene
MIR24-2 Gene;MIR24-2 Gene
MicroRNA 24-2 Gene;MIR24-2 Gene
CCN1;CCNA2 wt Allele
CCNA;CCNA2 wt Allele
CCNA2 wt Allele;CCNA2 wt Allele
CGA2;CCNA2 wt Allele
Cyclin A2 wt Allele;CCNA2 wt Allele
Hepatocullular Cancer Stage II;Stage II Hepatocellular Carcinoma AJCC v6 and v7
Liver Cell Cancer Stage II;Stage II Hepatocellular Carcinoma AJCC v6 and v7
Stage II Hepatocellular Carcinoma AJCC v6;Stage II Hepatocellular Carcinoma AJCC v6 and v7
Stage II Hepatocellular Carcinoma AJCC v6 and v7;Stage II Hepatocellular Carcinoma AJCC v6 and v7
Stage II Hepatocellular Carcinoma AJCC v7;Stage II Hepatocellular Carcinoma AJCC v6 and v7
Stage II Liver Cell Cancer;Stage II Hepatocellular Carcinoma AJCC v6 and v7
Stage II Liver Cell Carcinoma;Stage II Hepatocellular Carcinoma AJCC v6 and v7
Recurrent Adult Hepatocellular Carcinoma;Recurrent Adult Hepatocellular Carcinoma
Stage II Hepatocellular Carcinoma AJCC v8;Stage II Hepatocellular Carcinoma AJCC v8
Stage II Liver Cell Carcinoma AJCC v8;Stage II Hepatocellular Carcinoma AJCC v8
Disruptive TP53 Mutation;Disruptive TP53 Mutation
Chronic Hepatitis;Chronic Hepatitis
Embryonal Sarcoma;Undifferentiated (Embryonal) Sarcoma
Embryonal Sarcoma (Undifferentiated Sarcoma);Undifferentiated (Embryonal) Sarcoma
Embryonal Sarcoma, Undifferentiated;Undifferentiated (Embryonal) Sarcoma
SARCOMA, UNDIFFERENTIATED, MALIGNANT;Undifferentiated (Embryonal) Sarcoma
UES;Undifferentiated (Embryonal) Sarcoma
Undifferentiated (Embryonal) Sarcoma;Undifferentiated (Embryonal) Sarcoma
Undifferentiated Sarcoma;Undifferentiated (Embryonal) Sarcoma
LFS1 Gene Amplification;TP53 Gene Amplification
Li-Fraumeni Syndrome Gene Amplification;TP53 Gene Amplification
P53 Gene Amplification;TP53 Gene Amplification
TP53 Amplification;TP53 Gene Amplification
TP53 Gene Amplification;TP53 Gene Amplification
Tumor Protein p53 Gene Amplification;TP53 Gene Amplification
Chronic Hepatitis C;Chronic Hepatitis C
Chronic Hepatitis B;Chronic Hepatitis B
